,X_Coordinate,Y_Coordinate,Distance(median),Distance(direct),Date
0,316.4371681213379,271.1397457122803,1327,1336,2022-12-19 14:52:23.918
1,316.48229598999023,271.35157585144043,1325,1325,2022-12-19 14:52:23.950
2,316.26312255859375,271.59974098205566,1327.0,1325,2022-12-19 14:52:23.981
3,316.4663314819336,271.7160701751709,1325.0,1327,2022-12-19 14:52:24.018
4,316.514835357666,272.06053733825684,1322,1325,2022-12-19 14:52:24.049
5,316.4449691772461,271.8097114562988,1313.0,1313,2022-12-19 14:52:24.081
6,316.58700942993164,272.3828315734863,1322.0,1325,2022-12-19 14:52:24.118
7,316.0940933227539,271.78173065185547,1313,1325,2022-12-19 14:52:24.150
8,316.43009185791016,272.3191165924072,1322.0,1327,2022-12-19 14:52:24.181
9,316.4519500732422,272.78672218322754,1302,1302,2022-12-19 14:52:24.218
10,316.2610626220703,272.37951278686523,1322,1325,2022-12-19 14:52:24.250
11,316.6077995300293,273.04633140563965,1319,1322,2022-12-19 14:52:24.281
12,316.6101837158203,273.3175277709961,1325,1327,2022-12-19 14:52:24.318
13,316.61218643188477,273.9818000793457,1313.0,1313,2022-12-19 14:52:24.350
14,316.6945457458496,274.63568687438965,1307,1310,2022-12-19 14:52:24.381
15,317.1649932861328,275.5389976501465,1322.0,1327,2022-12-19 14:52:24.418
16,317.1484375,276.37627601623535,1316.0,1322,2022-12-19 14:52:24.450
17,317.42666244506836,276.47046089172363,1327.0,1327,2022-12-19 14:52:24.481
18,317.36352920532227,277.4706745147705,1322,1322,2022-12-19 14:52:24.519
19,317.4345588684082,277.8119373321533,1316.0,1322,2022-12-19 14:52:24.550
20,318.07849884033203,278.72408866882324,1319.0,1327,2022-12-19 14:52:24.581
21,319.05691146850586,279.1032600402832,1322,1325,2022-12-19 14:52:24.619
22,321.19884490966797,280.5988311767578,1305,1302,2022-12-19 14:52:24.650
23,323.34049224853516,281.8110466003418,1316,1299,2022-12-19 14:52:24.682
24,325.85933685302734,282.8507709503174,1319,1313,2022-12-19 14:52:24.719
25,328.1003189086914,284.5950508117676,1325.0,1325,2022-12-19 14:52:24.750
26,330.8517837524414,286.7127227783203,1316,1319,2022-12-19 14:52:24.782
27,334.5389938354492,288.45691680908203,1330.0,1333,2022-12-19 14:52:24.819
28,338.1758117675781,290.39011001586914,1333,1398,2022-12-19 14:52:24.851
29,341.53953552246094,291.393985748291,1330,1441,2022-12-19 14:52:24.882
30,344.4112014770508,292.5925827026367,1327,1431,2022-12-19 14:52:24.919
31,347.21649169921875,293.7315845489502,1274.0,0,2022-12-19 14:52:24.950
32,349.9129867553711,295.37166595458984,1208,0,2022-12-19 14:52:24.982
33,352.5320053100586,296.0437774658203,1149,0,2022-12-19 14:52:25.019
34,354.33074951171875,296.9123840332031,780.0,0,2022-12-19 14:52:25.051
35,356.4309310913086,298.33099365234375,773.0,0,2022-12-19 14:52:25.082
36,358.05946350097656,299.3338394165039,767.0,0,2022-12-19 14:52:25.119
37,359.6467971801758,300.66341400146484,766.0,0,2022-12-19 14:52:25.151
38,360.71537017822266,302.04105377197266,759.0,760,2022-12-19 14:52:25.182
39,362.24987030029297,303.4328556060791,757,761,2022-12-19 14:52:25.219
40,363.80191802978516,303.82158279418945,755,759,2022-12-19 14:52:25.251
41,365.00675201416016,304.9654197692871,747,755,2022-12-19 14:52:25.282
42,365.6284713745117,305.2096366882324,747.0,759,2022-12-19 14:52:25.319
43,365.72826385498047,305.48747062683105,746.0,758,2022-12-19 14:52:25.351
44,366.23382568359375,305.81262588500977,745,758,2022-12-19 14:52:25.382
45,365.5372619628906,305.46772956848145,745,753,2022-12-19 14:52:25.419
46,365.54359436035156,305.4576587677002,747.0,759,2022-12-19 14:52:25.451
47,365.5263900756836,304.8270320892334,750.0,766,2022-12-19 14:52:25.482
48,365.6294631958008,304.64378356933594,751.0,764,2022-12-19 14:52:25.519
49,365.2696990966797,303.4007263183594,755.0,765,2022-12-19 14:52:25.551
50,366.68384552001953,302.9711723327637,753.0,771,2022-12-19 14:52:25.582
51,368.2938003540039,300.5301761627197,752.0,772,2022-12-19 14:52:25.619
52,371.48681640625,299.0501403808594,743,765,2022-12-19 14:52:25.651
53,373.85337829589844,297.3684883117676,738,742,2022-12-19 14:52:25.682
54,377.0259094238281,295.6680965423584,731,732,2022-12-19 14:52:25.719
55,379.1996765136719,294.8836612701416,728,727,2022-12-19 14:52:25.751
56,380.38658142089844,294.7411251068115,728,727,2022-12-19 14:52:25.782
57,379.9991989135742,294.8906135559082,730,727,2022-12-19 14:52:25.820
58,378.9424514770508,294.7287368774414,733.0,728,2022-12-19 14:52:25.851
59,377.3710250854492,295.5806636810303,737.0,734,2022-12-19 14:52:25.882
60,376.0081100463867,296.9865417480469,741,740,2022-12-19 14:52:25.920
61,373.6931610107422,297.7324104309082,745,748,2022-12-19 14:52:25.951
62,371.71497344970703,298.4393119812012,751,755,2022-12-19 14:52:25.982
63,370.2349090576172,299.31544303894043,753,761,2022-12-19 14:52:26.020
64,369.0717315673828,300.0545883178711,755.0,768,2022-12-19 14:52:26.051
65,367.42626190185547,299.9792289733887,759.0,782,2022-12-19 14:52:26.083
66,366.29356384277344,300.22095680236816,761.0,785,2022-12-19 14:52:26.120
67,365.38543701171875,300.84614753723145,763,791,2022-12-19 14:52:26.152
68,364.6134948730469,301.6102981567383,764,789,2022-12-19 14:52:26.183
69,363.2760238647461,301.9472408294678,768.0,791,2022-12-19 14:52:26.220
70,361.31114959716797,303.2585334777832,772,787,2022-12-19 14:52:26.251
71,359.6622848510742,305.0328254699707,775,786,2022-12-19 14:52:26.282
72,356.0685348510742,307.0301342010498,780.0,789,2022-12-19 14:52:26.320
73,354.2433547973633,309.19461250305176,778,780,2022-12-19 14:52:26.351
74,351.03084564208984,311.20296478271484,781,782,2022-12-19 14:52:26.383
75,347.6569366455078,313.5300636291504,785.0,784,2022-12-19 14:52:26.420
76,345.4571533203125,315.50004959106445,790.0,790,2022-12-19 14:52:26.452
77,342.3267364501953,317.6671886444092,793.0,789,2022-12-19 14:52:26.483
78,338.790283203125,319.45587158203125,800.0,791,2022-12-19 14:52:26.520
79,336.2977600097656,321.782283782959,804,795,2022-12-19 14:52:26.552
80,333.10062408447266,323.3317565917969,810,808,2022-12-19 14:52:26.583
81,330.43941497802734,325.5911350250244,816,813,2022-12-19 14:52:26.620
82,327.6893997192383,326.7146873474121,819,819,2022-12-19 14:52:26.651
83,325.1250457763672,328.4808540344238,821.0,824,2022-12-19 14:52:26.683
84,322.33131408691406,329.6044635772705,828.0,832,2022-12-19 14:52:26.720
85,319.6258544921875,330.769100189209,834.0,840,2022-12-19 14:52:26.751
86,317.42990493774414,331.44784927368164,847.0,864,2022-12-19 14:52:26.783
87,315.8838653564453,332.7231502532959,852.0,0,2022-12-19 14:52:26.823
88,315.7814407348633,335.94122886657715,877,0,2022-12-19 14:52:26.838
89,311.6703224182129,332.7032947540283,864.0,0,2022-12-19 14:52:26.967
90,308.6373519897461,332.3191165924072,1083.0,0,2022-12-19 14:52:26.998
91,307.59960174560547,331.27790451049805,1085,0,2022-12-19 14:52:27.036
92,307.0883560180664,331.0752296447754,872.0,0,2022-12-19 14:52:27.067
93,306.8016052246094,330.0963878631592,870,0,2022-12-19 14:52:27.098
94,306.77406311035156,329.1643524169922,870,0,2022-12-19 14:52:27.136
95,307.20298767089844,327.88933753967285,865,0,2022-12-19 14:52:27.167
96,307.1645164489746,326.86534881591797,864,0,2022-12-19 14:52:27.198
97,308.1895065307617,325.8699131011963,858.5,868,2022-12-19 14:52:27.236
98,309.57889556884766,324.44475173950195,860.0,872,2022-12-19 14:52:27.267
99,311.6865921020508,321.9444179534912,857.0,859,2022-12-19 14:52:27.298
100,314.3093490600586,319.3356227874756,858,854,2022-12-19 14:52:27.336
101,316.80667877197266,317.45716094970703,859.0,852,2022-12-19 14:52:27.367
102,318.4754943847656,315.45461654663086,857,852,2022-12-19 14:52:27.398
103,319.0846824645996,315.6970024108887,858,854,2022-12-19 14:52:27.436
104,319.5433235168457,314.91743087768555,857,851,2022-12-19 14:52:27.467
105,319.96435165405273,316.47894859313965,854,850,2022-12-19 14:52:27.498
106,319.7859764099121,318.9517307281494,852.0,846,2022-12-19 14:52:27.536
107,318.75585556030273,320.2001094818115,848,843,2022-12-19 14:52:27.567
108,318.406925201416,322.02964782714844,844,840,2022-12-19 14:52:27.598
109,318.7685012817383,322.79751777648926,846,843,2022-12-19 14:52:27.636
110,318.941707611084,324.03602600097656,845.0,845,2022-12-19 14:52:27.668
111,318.894100189209,324.1658306121826,839.0,840,2022-12-19 14:52:27.699
112,318.8988494873047,324.1308116912842,838.0,838,2022-12-19 14:52:27.736
113,319.5718765258789,324.3489074707031,834.0,836,2022-12-19 14:52:27.768
114,320.1592254638672,324.38172340393066,833,836,2022-12-19 14:52:27.799
115,320.76236724853516,324.7041893005371,833,834,2022-12-19 14:52:27.837
116,321.76536560058594,324.929895401001,831.0,831,2022-12-19 14:52:27.868
117,322.6905059814453,325.3073501586914,828,828,2022-12-19 14:52:27.899
118,323.935546875,324.69151496887207,828,824,2022-12-19 14:52:27.937
119,326.67484283447266,324.8682403564453,823,821,2022-12-19 14:52:27.968
120,329.3434524536133,324.8178005218506,821,820,2022-12-19 14:52:27.984
121,332.96051025390625,324.04892921447754,820.0,818,2022-12-19 14:52:28.021
122,336.1713409423828,324.48901176452637,816,815,2022-12-19 14:52:28.052
123,338.89766693115234,323.4608745574951,814,810,2022-12-19 14:52:28.084
124,342.4981689453125,323.2313346862793,807,801,2022-12-19 14:52:28.121
125,345.3363800048828,322.84875869750977,801,793,2022-12-19 14:52:28.153
126,348.32603454589844,323.21943283081055,796,788,2022-12-19 14:52:28.184
127,351.2040328979492,323.3553886413574,792,786,2022-12-19 14:52:28.237
128,353.8774871826172,323.8889408111572,787,784,2022-12-19 14:52:28.269
129,355.3887939453125,324.5783042907715,785,780,2022-12-19 14:52:28.300
130,357.34745025634766,325.0840759277344,783,778,2022-12-19 14:52:28.337
131,358.9569854736328,325.5410957336426,779,776,2022-12-19 14:52:28.368
132,360.5943298339844,325.7439136505127,776,770,2022-12-19 14:52:28.399
133,361.39610290527344,326.18534088134766,775,766,2022-12-19 14:52:28.438
134,361.9721984863281,326.5283489227295,771,763,2022-12-19 14:52:28.468
135,362.16854095458984,327.30860710144043,771,762,2022-12-19 14:52:28.500
136,362.41336822509766,327.8130626678467,770,763,2022-12-19 14:52:28.537
137,361.9234848022461,328.00435066223145,772,766,2022-12-19 14:52:28.569
138,361.70040130615234,327.7056312561035,770,762,2022-12-19 14:52:28.600
139,361.14818572998047,327.52567291259766,772,764,2022-12-19 14:52:28.637
140,361.6591262817383,327.27490425109863,773,764,2022-12-19 14:52:28.669
141,361.4113998413086,327.0201015472412,774,764,2022-12-19 14:52:28.700
142,362.7784729003906,325.64732551574707,777,771,2022-12-19 14:52:28.738
143,364.96490478515625,323.81011962890625,779,776,2022-12-19 14:52:28.769
144,367.96947479248047,321.3372802734375,778.0,772,2022-12-19 14:52:28.800
145,370.29388427734375,320.34284591674805,777.0,772,2022-12-19 14:52:28.838
146,372.2209167480469,319.27568435668945,777.0,773,2022-12-19 14:52:28.869
147,372.50308990478516,318.3464813232422,775.0,771,2022-12-19 14:52:28.900
148,371.8722915649414,317.4667167663574,778.0,774,2022-12-19 14:52:28.938
149,370.9082794189453,317.7590274810791,783,780,2022-12-19 14:52:28.969
150,369.36859130859375,319.5560359954834,784,780,2022-12-19 14:52:29.000
151,367.62115478515625,320.2182197570801,784,781,2022-12-19 14:52:29.038
152,366.5480041503906,321.9199848175049,784.0,778,2022-12-19 14:52:29.069
153,365.6471633911133,322.49505043029785,783,778,2022-12-19 14:52:29.100
154,364.7217559814453,324.0190601348877,783,779,2022-12-19 14:52:29.138
155,363.98448944091797,324.1802787780762,782,779,2022-12-19 14:52:29.169
156,363.18382263183594,323.7184810638428,783,777,2022-12-19 14:52:29.200
157,361.6630554199219,323.52624893188477,784,780,2022-12-19 14:52:29.238
158,360.4780960083008,323.2280158996582,783.0,779,2022-12-19 14:52:29.269
159,358.37963104248047,322.9201412200928,786,782,2022-12-19 14:52:29.301
160,355.79647064208984,322.5435447692871,790.0,786,2022-12-19 14:52:29.338
161,352.8526306152344,323.234224319458,794,786,2022-12-19 14:52:29.369
162,349.7576904296875,323.04101943969727,796,791,2022-12-19 14:52:29.401
163,346.51721954345703,323.30506324768066,802,799,2022-12-19 14:52:29.438
164,342.90382385253906,324.3284511566162,809,802,2022-12-19 14:52:29.469
165,339.32628631591797,325.9093379974365,813.0,804,2022-12-19 14:52:29.501
166,335.3805160522461,325.7662010192871,820,816,2022-12-19 14:52:29.538
167,331.6450881958008,325.9986877441406,824.0,823,2022-12-19 14:52:29.570
168,328.4859848022461,326.2217044830322,829,829,2022-12-19 14:52:29.601
169,324.99866485595703,326.5429973602295,839.0,838,2022-12-19 14:52:29.639
170,322.1289825439453,326.3217830657959,841,841,2022-12-19 14:52:29.670
171,319.5366096496582,326.19635581970215,850.0,847,2022-12-19 14:52:29.701
172,316.62500381469727,326.2620162963867,854.0,860,2022-12-19 14:52:29.739
173,313.78711700439453,326.49662017822266,857,860,2022-12-19 14:52:29.770
174,311.4088249206543,326.40844345092773,863,869,2022-12-19 14:52:29.801
175,309.2462730407715,325.8175563812256,860.0,867,2022-12-19 14:52:29.839
176,306.6038703918457,324.72418785095215,862,878,2022-12-19 14:52:29.870
177,305.30826568603516,324.852991104126,864,874,2022-12-19 14:52:29.901
178,303.72642517089844,324.29795265197754,868.0,891,2022-12-19 14:52:29.939
179,302.9427909851074,323.8571834564209,869.0,0,2022-12-19 14:52:29.970
180,302.92200088500977,322.4395179748535,867,0,2022-12-19 14:52:30.001
181,303.1060218811035,321.8544387817383,860.0,872,2022-12-19 14:52:30.023
182,303.3546447753906,321.72340393066406,860,873,2022-12-19 14:52:30.054
183,303.57534408569336,321.4131832122803,863.0,873,2022-12-19 14:52:30.085
184,303.37175369262695,320.41720390319824,857.5,872,2022-12-19 14:52:30.123
185,303.6540412902832,320.6451416015625,859.0,869,2022-12-19 14:52:30.154
186,303.6092758178711,320.62047958374023,860.0,872,2022-12-19 14:52:30.186
187,303.85913848876953,319.8441696166992,862.0,874,2022-12-19 14:52:30.223
188,304.6318244934082,319.8972702026367,860.0,868,2022-12-19 14:52:30.254
189,305.3026008605957,318.2837104797363,860.0,864,2022-12-19 14:52:30.286
190,306.5186309814453,317.3573398590088,862,862,2022-12-19 14:52:30.323
191,308.4321594238281,315.59743881225586,862,859,2022-12-19 14:52:30.355
192,311.79006576538086,313.30793380737305,864,860,2022-12-19 14:52:30.386
193,313.94304275512695,310.81809997558594,864,858,2022-12-19 14:52:30.423
194,316.36058807373047,308.8662528991699,865.0,857,2022-12-19 14:52:30.455
195,317.4758720397949,307.8959083557129,865,858,2022-12-19 14:52:30.486
196,317.21912384033203,307.32481956481934,864.5,858,2022-12-19 14:52:30.524
197,317.5153350830078,308.1577491760254,867,858,2022-12-19 14:52:30.555
198,316.21097564697266,309.3438720703125,864,860,2022-12-19 14:52:30.586
199,316.0552978515625,311.6026782989502,862,858,2022-12-19 14:52:30.624
200,314.89538192749023,312.67664909362793,860.0,854,2022-12-19 14:52:30.655
201,313.9247703552246,314.3675708770752,858,856,2022-12-19 14:52:30.686
202,313.5619354248047,315.108118057251,858.0,856,2022-12-19 14:52:30.724
203,313.8560104370117,316.47302627563477,859,854,2022-12-19 14:52:30.755
204,313.6593246459961,317.41527557373047,857,847,2022-12-19 14:52:30.787
205,313.3767318725586,317.46840476989746,856,847,2022-12-19 14:52:30.824
206,314.42760467529297,318.7642192840576,854.0,851,2022-12-19 14:52:30.855
207,314.820613861084,318.9335346221924,857.0,854,2022-12-19 14:52:30.887
208,315.6262969970703,320.0671577453613,854,850,2022-12-19 14:52:30.924
209,316.8914985656738,320.6718349456787,856,852,2022-12-19 14:52:30.956
210,319.0595054626465,321.94433212280273,851.0,847,2022-12-19 14:52:30.987
211,320.87921142578125,322.73780822753906,847,845,2022-12-19 14:52:31.025
212,323.0175018310547,324.2779541015625,844.0,843,2022-12-19 14:52:31.056
213,325.76297760009766,325.5593490600586,840,840,2022-12-19 14:52:31.087
214,329.24503326416016,327.8258514404297,838,837,2022-12-19 14:52:31.125
215,332.1195602416992,329.6452331542969,832,830,2022-12-19 14:52:31.156
216,335.7343292236328,331.3901138305664,826,825,2022-12-19 14:52:31.187
217,338.8473892211914,332.82909393310547,823.0,825,2022-12-19 14:52:31.225
218,341.7362594604492,334.00288581848145,820.0,822,2022-12-19 14:52:31.256
219,344.99786376953125,335.2606773376465,815,813,2022-12-19 14:52:31.288
220,347.42618560791016,336.6811466217041,809,809,2022-12-19 14:52:31.325
221,349.9885940551758,339.03794288635254,807.0,807,2022-12-19 14:52:31.356
222,352.11456298828125,340.4238224029541,802,805,2022-12-19 14:52:31.388
223,354.5951843261719,342.36010551452637,802,805,2022-12-19 14:52:31.425
224,356.1687469482422,343.4957027435303,799,800,2022-12-19 14:52:31.456
225,356.5618133544922,344.7194766998291,799,802,2022-12-19 14:52:31.487
226,358.1588363647461,345.9646797180176,796.0,796,2022-12-19 14:52:31.525
227,359.2777633666992,347.36992835998535,800.0,801,2022-12-19 14:52:31.557
228,359.5457458496094,347.8659725189209,799,799,2022-12-19 14:52:31.588
229,359.21520233154297,348.77903938293457,798,797,2022-12-19 14:52:31.626
230,359.6772766113281,349.1374111175537,801,801,2022-12-19 14:52:31.657
231,359.4335174560547,349.01968002319336,802.0,804,2022-12-19 14:52:31.688
232,358.98040771484375,348.8149166107178,800,800,2022-12-19 14:52:31.726
233,358.76399993896484,348.8690185546875,804,802,2022-12-19 14:52:31.757
234,358.1639099121094,348.16094398498535,806.0,807,2022-12-19 14:52:31.788
235,358.13720703125,347.5253677368164,800.0,799,2022-12-19 14:52:31.826
236,358.1745147705078,346.349458694458,801,802,2022-12-19 14:52:31.866
237,359.6555709838867,351.1332893371582,1671,1699,2022-12-19 14:52:31.882
238,359.20684814453125,345.3271007537842,802,802,2022-12-19 14:52:31.989
239,363.0290222167969,339.51730728149414,799.0,794,2022-12-19 14:52:32.026
240,365.63636779785156,336.7928123474121,797,790,2022-12-19 14:52:32.042
241,364.5504379272461,336.95159912109375,800.0,793,2022-12-19 14:52:32.073
242,362.91988372802734,336.80030822753906,799.0,791,2022-12-19 14:52:32.105
243,361.409912109375,337.1425151824951,801,794,2022-12-19 14:52:32.142
244,360.3868103027344,338.0306053161621,801,798,2022-12-19 14:52:32.174
245,358.8893127441406,339.2641353607178,801,802,2022-12-19 14:52:32.205
246,358.1210708618164,340.40860176086426,799,794,2022-12-19 14:52:32.243
247,357.12703704833984,341.45679473876953,802,800,2022-12-19 14:52:32.274
248,356.2731170654297,342.3062324523926,801,804,2022-12-19 14:52:32.305
249,355.26126861572266,342.5976848602295,801.0,802,2022-12-19 14:52:32.343
250,354.5455551147461,342.89588928222656,800,802,2022-12-19 14:52:32.375
251,353.9897918701172,343.85716438293457,802,805,2022-12-19 14:52:32.406
252,353.585205078125,342.9544258117676,801.0,804,2022-12-19 14:52:32.444
253,352.75203704833984,342.51806259155273,802,806,2022-12-19 14:52:32.475
254,351.8840789794922,342.43494987487793,801.0,808,2022-12-19 14:52:32.506
255,350.6675338745117,341.1240577697754,804.0,807,2022-12-19 14:52:32.544
256,348.8849639892578,340.2622318267822,804,808,2022-12-19 14:52:32.575
257,347.60669708251953,338.12567710876465,806,804,2022-12-19 14:52:32.606
258,346.32205963134766,336.21912002563477,807,805,2022-12-19 14:52:32.644
259,344.68372344970703,334.19511795043945,808.0,806,2022-12-19 14:52:32.675
260,343.7001037597656,331.442813873291,809.0,810,2022-12-19 14:52:32.706
261,342.2991943359375,329.0948295593262,809,807,2022-12-19 14:52:32.744
262,340.9902572631836,326.7022132873535,811,805,2022-12-19 14:52:32.776
263,339.5825958251953,324.08472061157227,814,813,2022-12-19 14:52:32.807
264,337.8846740722656,321.7843437194824,813,813,2022-12-19 14:52:32.844
265,336.59000396728516,319.04314041137695,814,811,2022-12-19 14:52:32.876
266,334.63253021240234,316.1630058288574,815.0,812,2022-12-19 14:52:32.907
267,332.8887176513672,313.9840793609619,819,813,2022-12-19 14:52:32.945
268,329.94693756103516,310.56532859802246,820,820,2022-12-19 14:52:32.976
269,328.0071258544922,307.49691009521484,821.0,823,2022-12-19 14:52:33.007
270,325.4043197631836,304.58227157592773,824,824,2022-12-19 14:52:33.045
271,323.13289642333984,301.2611675262451,824.0,831,2022-12-19 14:52:33.076
272,320.5847930908203,297.8708553314209,836.0,846,2022-12-19 14:52:33.107
273,317.82005310058594,294.3921661376953,837.0,845,2022-12-19 14:52:33.145
274,314.4970893859863,291.3845729827881,845,0,2022-12-19 14:52:33.176
275,311.77486419677734,289.00245666503906,851.0,0,2022-12-19 14:52:33.207
276,307.202091217041,285.77327728271484,858.0,0,2022-12-19 14:52:33.245
277,303.16606521606445,284.3107223510742,863.0,0,2022-12-19 14:52:33.276
278,299.9519920349121,281.2731170654297,864.0,0,2022-12-19 14:52:33.307
279,294.76612091064453,277.0202922821045,879.0,0,2022-12-19 14:52:33.345
280,290.8517265319824,274.5369529724121,1006.0,0,2022-12-19 14:52:33.377
281,285.6369972229004,271.4637565612793,884,0,2022-12-19 14:52:33.408
282,280.0,268.3505916595459,1087,0,2022-12-19 14:52:33.445
283,274.54124450683594,265.6350517272949,905.0,0,2022-12-19 14:52:33.477
284,268.4269714355469,264.78060722351074,901,0,2022-12-19 14:52:33.508
285,261.8131637573242,263.47217559814453,904.0,908,2022-12-19 14:52:33.545
286,256.4091491699219,262.77626037597656,914.0,925,2022-12-19 14:52:33.577
287,249.89912033081055,262.0458984375,923,929,2022-12-19 14:52:33.608
288,243.39679718017578,261.5710258483887,935.0,935,2022-12-19 14:52:33.645
289,237.3046875,259.7670364379883,943,945,2022-12-19 14:52:33.677
290,231.9483757019043,258.69598388671875,949,943,2022-12-19 14:52:33.708
291,226.85672760009766,258.1242370605469,952.0,946,2022-12-19 14:52:33.745
292,222.45121002197266,257.0925235748291,960.0,955,2022-12-19 14:52:33.777
293,219.2281150817871,255.84503173828125,968.0,969,2022-12-19 14:52:33.808
294,215.9908103942871,254.34940338134766,975.0,972,2022-12-19 14:52:33.846
295,212.92234420776367,253.35948944091797,990.0,983,2022-12-19 14:52:33.877
296,209.5963478088379,252.1827507019043,999,991,2022-12-19 14:52:33.918
297,206.98152542114258,251.84452056884766,1006,999,2022-12-19 14:52:33.931
298,210.9292221069336,254.54215049743652,1006.0,993,2022-12-19 14:52:33.962
299,205.45429229736328,251.78051948547363,1008.0,1003,2022-12-19 14:52:34.062
300,201.4317512512207,248.5298252105713,1388,998,2022-12-19 14:52:34.093
301,200.7463264465332,247.04069137573242,1404.0,998,2022-12-19 14:52:34.131
302,200.37641525268555,246.13394737243652,998.0,996,2022-12-19 14:52:34.162
303,201.02025985717773,245.56652069091797,988,985,2022-12-19 14:52:34.193
304,201.4212417602539,244.43292617797852,980.0,977,2022-12-19 14:52:34.231
305,201.74310684204102,243.89674186706543,971.0,969,2022-12-19 14:52:34.262
306,201.81438446044922,243.51284980773926,964,964,2022-12-19 14:52:34.293
307,202.20439910888672,244.17420387268066,963.0,957,2022-12-19 14:52:34.331
308,201.69410705566406,245.11250495910645,968.0,964,2022-12-19 14:52:34.362
309,202.38815307617188,245.8897304534912,963.0,958,2022-12-19 14:52:34.393
310,201.67142868041992,246.49320602416992,974.0,968,2022-12-19 14:52:34.431
311,201.65765762329102,246.8412208557129,964,969,2022-12-19 14:52:34.462
312,201.34784698486328,247.3531150817871,980.0,969,2022-12-19 14:52:34.494
313,201.17565155029297,247.74221420288086,982.0,972,2022-12-19 14:52:34.531
314,200.84087371826172,247.60931968688965,983,975,2022-12-19 14:52:34.563
315,200.2540397644043,246.9507122039795,985.0,980,2022-12-19 14:52:34.594
316,200.62768936157227,246.27196311950684,988,980,2022-12-19 14:52:34.632
317,201.3573455810547,244.46368217468262,982.0,980,2022-12-19 14:52:34.663
318,203.43805313110352,242.45598793029785,978,975,2022-12-19 14:52:34.694
319,204.10554885864258,240.83799362182617,983.0,978,2022-12-19 14:52:34.732
320,204.8387908935547,240.02769470214844,987.0,982,2022-12-19 14:52:34.763
321,205.12500762939453,239.45607662200928,985.0,978,2022-12-19 14:52:34.794
322,203.41339111328125,239.1174030303955,983.0,978,2022-12-19 14:52:34.832
323,202.0162582397461,239.69940662384033,975.0,969,2022-12-19 14:52:34.863
324,199.73405838012695,241.42353057861328,982,977,2022-12-19 14:52:34.895
325,198.28577041625977,242.6059627532959,985.0,982,2022-12-19 14:52:34.932
326,197.6909065246582,242.88969039916992,986.0,986,2022-12-19 14:52:34.964
327,197.69956588745117,243.59247207641602,985,985,2022-12-19 14:52:34.995
328,197.78640747070312,244.11426544189453,983,982,2022-12-19 14:52:35.033
329,198.5159683227539,244.68212127685547,982.0,982,2022-12-19 14:52:35.064
330,199.01798248291016,245.45923233032227,977,975,2022-12-19 14:52:35.095
331,199.6852684020996,246.2984848022461,977,977,2022-12-19 14:52:35.133
332,201.25694274902344,247.22333908081055,974,966,2022-12-19 14:52:35.164
333,202.53347396850586,248.29227447509766,975,963,2022-12-19 14:52:35.195
334,204.89864349365234,249.78412628173828,969.0,961,2022-12-19 14:52:35.233
335,207.15293884277344,251.41470909118652,963.0,957,2022-12-19 14:52:35.264
336,210.06317138671875,252.64148712158203,954,946,2022-12-19 14:52:35.296
337,213.58083724975586,254.65493202209473,948.0,945,2022-12-19 14:52:35.333
338,217.2768783569336,255.48179626464844,941.0,935,2022-12-19 14:52:35.365
339,221.83977127075195,257.10413932800293,932.0,930,2022-12-19 14:52:35.396
340,227.6512908935547,258.731632232666,926.0,916,2022-12-19 14:52:35.434
341,235.82351684570312,260.00590324401855,916,911,2022-12-19 14:52:35.465
342,242.86266326904297,261.7324733734131,908.0,905,2022-12-19 14:52:35.496
343,252.97855377197266,263.2191467285156,903,905,2022-12-19 14:52:35.534
344,265.4883003234863,265.1939105987549,893.0,907,2022-12-19 14:52:35.565
345,275.1025199890137,268.9226531982422,888.0,0,2022-12-19 14:52:35.596
346,283.6351013183594,271.42653465270996,883,0,2022-12-19 14:52:35.634
347,294.3184280395508,276.46127700805664,868,0,2022-12-19 14:52:35.665
348,304.9080276489258,279.1776752471924,1291,0,2022-12-19 14:52:35.697
349,314.10701751708984,281.5056037902832,1313,1339,2022-12-19 14:52:35.734
350,322.44285583496094,286.32659912109375,1283.0,0,2022-12-19 14:52:35.766
351,328.9992904663086,291.368350982666,823,837,2022-12-19 14:52:35.797
352,334.1067886352539,295.88181495666504,808.0,0,2022-12-19 14:52:35.835
353,338.0159378051758,300.3797721862793,796.0,806,2022-12-19 14:52:35.866
354,342.71228790283203,304.8252868652344,789.0,802,2022-12-19 14:52:35.897
355,346.1859130859375,309.0028381347656,783,787,2022-12-19 14:52:35.935
356,349.2866516113281,313.1389617919922,779,778,2022-12-19 14:52:35.966
357,352.32799530029297,317.23626136779785,773.0,771,2022-12-19 14:52:35.998
358,354.75513458251953,321.8489742279053,770,761,2022-12-19 14:52:36.035
359,357.12047576904297,325.03100395202637,769,762,2022-12-19 14:52:36.067
360,358.08006286621094,327.5668716430664,767,762,2022-12-19 14:52:36.098
361,358.5832214355469,330.20276069641113,768.0,760,2022-12-19 14:52:36.136
362,358.4980773925781,331.4731693267822,766.0,762,2022-12-19 14:52:36.167
363,358.76888275146484,331.9009780883789,766,761,2022-12-19 14:52:36.198
364,358.72955322265625,332.27508544921875,767.0,761,2022-12-19 14:52:36.238
365,357.0185852050781,337.36135482788086,768,766,2022-12-19 14:52:36.254
366,358.8115692138672,333.1212329864502,766.0,760,2022-12-19 14:52:36.367
367,357.93556213378906,327.73733139038086,771,763,2022-12-19 14:52:36.383
368,359.8820114135742,324.473934173584,774,768,2022-12-19 14:52:36.414
369,361.1445999145508,322.18268394470215,774,769,2022-12-19 14:52:36.452
370,362.9362106323242,320.21607398986816,778,774,2022-12-19 14:52:36.483
371,364.0188217163086,319.6805763244629,776,770,2022-12-19 14:52:36.515
372,363.52718353271484,318.9180850982666,777,771,2022-12-19 14:52:36.553
373,361.09745025634766,318.79125595092773,780,775,2022-12-19 14:52:36.584
374,358.1218719482422,319.9266529083252,784,782,2022-12-19 14:52:36.615
375,354.8869323730469,320.745906829834,786,782,2022-12-19 14:52:36.653
376,351.5626525878906,320.9519577026367,787,784,2022-12-19 14:52:36.684
377,349.06558990478516,320.7524299621582,786,784,2022-12-19 14:52:36.716
378,346.9091033935547,319.8749542236328,788,787,2022-12-19 14:52:36.754
379,345.28125762939453,320.23449897766113,785,784,2022-12-19 14:52:36.785
380,343.24634552001953,318.46667289733887,786.0,785,2022-12-19 14:52:36.816
381,341.2651824951172,316.87517166137695,786.5,784,2022-12-19 14:52:36.863
382,338.8310241699219,314.85589027404785,788,785,2022-12-19 14:52:36.879
383,336.9663619995117,321.5719413757324,790,785,2022-12-19 14:52:36.910
384,334.63829040527344,314.5820617675781,791.0,788,2022-12-19 14:52:37.001
385,321.6312026977539,304.421968460083,804,804,2022-12-19 14:52:37.039
386,315.1896858215332,295.1282787322998,815,814,2022-12-19 14:52:37.070
387,306.6853904724121,286.58446311950684,831,0,2022-12-19 14:52:37.101
388,300.8578300476074,279.0326499938965,831.0,0,2022-12-19 14:52:37.139
389,294.9999237060547,271.97805404663086,1228.0,0,2022-12-19 14:52:37.170
390,290.02214431762695,265.37853240966797,1226.0,0,2022-12-19 14:52:37.202
391,283.5885429382324,258.35360527038574,1223,1221,2022-12-19 14:52:37.233
392,279.30736541748047,251.24127388000488,1238,0,2022-12-19 14:52:37.271
393,273.20146560668945,244.93077278137207,1233,1231,2022-12-19 14:52:37.302
394,268.4516143798828,239.5091199874878,1243.0,1238,2022-12-19 14:52:37.333
395,263.67393493652344,233.74730587005615,1241.0,1221,2022-12-19 14:52:37.371
396,259.49840545654297,228.9986515045166,1236,1213,2022-12-19 14:52:37.402
397,255.44265747070312,224.52180862426758,1228,0,2022-12-19 14:52:37.433
398,251.51966094970703,220.57348251342773,1266.0,1302,2022-12-19 14:52:37.471
399,248.4442901611328,216.27246379852295,1293.0,0,2022-12-19 14:52:37.502
400,245.37273406982422,212.59779453277588,1424.0,0,2022-12-19 14:52:37.534
401,241.91925048828125,208.90550136566162,1414,0,2022-12-19 14:52:37.556
402,237.45742797851562,205.2828025817871,1398,0,2022-12-19 14:52:37.603
403,234.29014205932617,202.3633575439453,1431,1448,2022-12-19 14:52:37.634
404,231.68161392211914,200.1440191268921,1427,1424,2022-12-19 14:52:37.657
405,228.3055877685547,198.0898904800415,1408,1434,2022-12-19 14:52:37.703
406,225.16265869140625,195.30012130737305,1404.0,0,2022-12-19 14:52:37.734
407,222.1500015258789,193.91849040985107,1396.5,0,2022-12-19 14:52:37.757
408,218.9642333984375,192.5215244293213,1441,1480,2022-12-19 14:52:37.804
409,216.14017486572266,190.9024429321289,1417.0,0,2022-12-19 14:52:37.835
410,213.52981567382812,189.62109088897705,1434,1472,2022-12-19 14:52:37.857
411,211.06325149536133,188.82689952850342,1444,0,2022-12-19 14:52:37.904
412,209.3035125732422,188.03675651550293,1469.0,1472,2022-12-19 14:52:37.935
413,208.8191032409668,187.5406551361084,1465.0,0,2022-12-19 14:52:37.958
414,208.15805435180664,187.25928783416748,1469,1465,2022-12-19 14:52:38.005
415,207.2532844543457,187.47090339660645,1476.0,1455,2022-12-19 14:52:38.036
416,207.75548934936523,187.46944427490234,1472,1455,2022-12-19 14:52:38.059
417,207.8203582763672,187.16368675231934,1483,1480,2022-12-19 14:52:38.090
418,208.22458267211914,186.81564331054688,1462,1431,2022-12-19 14:52:38.136
419,210.05840301513672,184.53537940979004,1441.0,0,2022-12-19 14:52:38.158
420,211.35944366455078,182.23138332366943,674,0,2022-12-19 14:52:38.190
421,212.34125137329102,179.58426475524902,658,654,2022-12-19 14:52:38.237
422,212.91322708129883,177.57300853729248,651,652,2022-12-19 14:52:38.259
423,212.2348976135254,176.83017253875732,652,650,2022-12-19 14:52:38.290
424,211.64461135864258,177.44851112365723,652,652,2022-12-19 14:52:38.337
425,211.3020133972168,178.09860706329346,652.0,652,2022-12-19 14:52:38.359
426,209.96149063110352,179.48717594146729,659,661,2022-12-19 14:52:38.391
427,208.66653442382812,181.86272621154785,667,668,2022-12-19 14:52:38.437
428,207.92869567871094,184.1385555267334,1455.0,0,2022-12-19 14:52:38.460
429,207.2465705871582,186.48189067840576,1469,1434,2022-12-19 14:52:38.491
430,207.45149612426758,188.6702585220337,1480.0,1462,2022-12-19 14:52:38.538
431,207.80609130859375,190.9687042236328,1480,1465,2022-12-19 14:52:38.560
432,207.85696029663086,194.03334617614746,1494.0,1520,2022-12-19 14:52:38.592
433,209.55547332763672,196.6548728942871,1483.0,1517,2022-12-19 14:52:38.638
434,210.69805145263672,200.35078525543213,1491,1520,2022-12-19 14:52:38.661
435,211.85110092163086,204.41811561584473,1487.0,1502,2022-12-19 14:52:38.692
436,213.43090057373047,208.3086061477661,1487,1494,2022-12-19 14:52:38.723
437,215.25203704833984,212.33229160308838,1465.0,1483,2022-12-19 14:52:38.761
438,217.3354721069336,216.53237342834473,1448,1476,2022-12-19 14:52:38.792
439,219.38724517822266,220.24596691131592,1431,1458,2022-12-19 14:52:38.824
440,221.07820510864258,223.7041997909546,1417.0,1444,2022-12-19 14:52:38.861
441,222.39582061767578,226.6494369506836,1424.0,1441,2022-12-19 14:52:38.893
442,222.72050857543945,228.24055194854736,1427.0,0,2022-12-19 14:52:38.924
443,222.7895164489746,229.34359073638916,1408,0,2022-12-19 14:52:38.962
444,223.28779220581055,229.926495552063,1431,0,2022-12-19 14:52:38.993
445,222.8244972229004,229.22555923461914,1379.0,0,2022-12-19 14:52:39.025
446,222.85011291503906,228.40447425842285,1424,0,2022-12-19 14:52:39.062
447,223.57837677001953,226.68079376220703,1421.0,1438,2022-12-19 14:52:39.094
448,223.311767578125,224.68774795532227,1411,1438,2022-12-19 14:52:39.125
449,224.72288131713867,221.86416149139404,1427,1438,2022-12-19 14:52:39.163
450,225.93727111816406,218.2118797302246,1431,1431,2022-12-19 14:52:39.194
451,227.36555099487305,214.81730461120605,1431.0,1424,2022-12-19 14:52:39.225
452,228.12414169311523,212.33078956604004,1431,1404,2022-12-19 14:52:39.264
453,229.37976837158203,210.8192539215088,1441.0,1414,2022-12-19 14:52:39.295
454,227.86880493164062,210.06407260894775,1434,1424,2022-12-19 14:52:39.326
455,226.21919631958008,211.37885570526123,1434.0,1424,2022-12-19 14:52:39.364
456,225.5925178527832,213.09937477111816,1431,1427,2022-12-19 14:52:39.395
457,224.35125350952148,215.08270740509033,1441,1438,2022-12-19 14:52:39.427
458,224.30530548095703,217.936749458313,1427,1434,2022-12-19 14:52:39.465
459,224.51051712036133,219.6327781677246,1427.0,1434,2022-12-19 14:52:39.496
460,225.6351089477539,221.0357666015625,1427.0,1434,2022-12-19 14:52:39.527
461,226.4531707763672,222.8104591369629,1427,1427,2022-12-19 14:52:39.565
462,227.69899368286133,223.73846054077148,1427,1427,2022-12-19 14:52:39.596
463,229.08632278442383,224.21253204345703,1438.0,1417,2022-12-19 14:52:39.628
464,230.10156631469727,224.44707870483398,1424.0,1414,2022-12-19 14:52:39.666
465,233.36889266967773,225.23517608642578,1424,1421,2022-12-19 14:52:39.697
466,235.95726013183594,226.80720806121826,1431,1434,2022-12-19 14:52:39.728
467,241.24082565307617,228.168625831604,1427.0,0,2022-12-19 14:52:39.766
468,246.70284271240234,230.33875465393066,1388,0,2022-12-19 14:52:39.797
469,251.06359481811523,232.46252059936523,1269,0,2022-12-19 14:52:39.829
470,257.91040420532227,235.08235931396484,1248.0,0,2022-12-19 14:52:39.867
471,264.0874481201172,237.55099296569824,1251,1243,2022-12-19 14:52:39.898
472,271.07351303100586,240.14516830444336,1246,1236,2022-12-19 14:52:39.929
473,278.7707710266113,244.42211151123047,1238,0,2022-12-19 14:52:39.967
474,285.2897071838379,247.66170501708984,1223.0,1206,2022-12-19 14:52:39.998
475,291.8397903442383,251.3119411468506,1957,0,2022-12-19 14:52:40.029
476,297.73353576660156,255.96467971801758,1976,2056,2022-12-19 14:52:40.068
477,301.346435546875,260.4507637023926,1957.0,2029,2022-12-19 14:52:40.099
478,307.8013038635254,264.658784866333,1360.0,0,2022-12-19 14:52:40.130
479,312.3305130004883,268.71811866760254,1337.5,1339,2022-12-19 14:52:40.168
480,317.087459564209,272.60178565979004,1302.0,1299,2022-12-19 14:52:40.199
481,321.38099670410156,276.6478443145752,1307,1302,2022-12-19 14:52:40.230
482,324.6955871582031,281.2031936645508,1296.0,0,2022-12-19 14:52:40.268
483,327.32154846191406,285.4636001586914,1316,0,2022-12-19 14:52:40.300
484,330.24444580078125,290.04077911376953,1310,0,2022-12-19 14:52:40.331
485,333.2840347290039,294.50918197631836,797.0,0,2022-12-19 14:52:40.369
486,335.46043395996094,298.82863998413086,792,0,2022-12-19 14:52:40.400
487,337.56195068359375,303.07665824890137,784.0,786,2022-12-19 14:52:40.431
488,339.2486572265625,307.3220157623291,783,786,2022-12-19 14:52:40.469
489,341.3484191894531,310.69458961486816,779.0,777,2022-12-19 14:52:40.500
490,343.6958694458008,314.5721912384033,779,778,2022-12-19 14:52:40.531
491,344.7966003417969,318.2409954071045,776.0,774,2022-12-19 14:52:40.569
492,346.9070816040039,322.6754093170166,775.0,771,2022-12-19 14:52:40.600
493,347.9911422729492,325.38002014160156,777,773,2022-12-19 14:52:40.631
494,349.8295211791992,328.2728862762451,777,772,2022-12-19 14:52:40.669
495,350.4815673828125,330.94470977783203,777.0,770,2022-12-19 14:52:40.700
496,352.05387115478516,333.49522590637207,780,771,2022-12-19 14:52:40.731
497,352.70694732666016,335.4605484008789,780.0,773,2022-12-19 14:52:40.769
498,353.77185821533203,337.13550567626953,783.0,781,2022-12-19 14:52:40.801
499,353.8854217529297,338.90387535095215,783.0,785,2022-12-19 14:52:40.832
500,354.17835235595703,340.9051036834717,785.0,787,2022-12-19 14:52:40.870
501,353.9302444458008,342.82493591308594,791.0,799,2022-12-19 14:52:40.901
502,353.61717224121094,343.9867973327637,793,798,2022-12-19 14:52:40.932
503,353.21704864501953,345.30344009399414,802.0,800,2022-12-19 14:52:40.970
504,352.66284942626953,346.6778755187988,809,807,2022-12-19 14:52:41.002
505,352.2256851196289,348.2958126068115,1685.0,1779,2022-12-19 14:52:41.033
506,351.8067169189453,349.5146083831787,1704,1774,2022-12-19 14:52:41.071
507,351.5180969238281,350.77208518981934,1709.0,1753,2022-12-19 14:52:41.102
508,351.32938385009766,351.1967182159424,1714,1764,2022-12-19 14:52:41.133
509,351.0276794433594,351.8086051940918,1728.0,1806,2022-12-19 14:52:41.171
510,350.8013153076172,351.287784576416,1738,1790,2022-12-19 14:52:41.203
511,350.4491424560547,351.229305267334,1723.0,1733,2022-12-19 14:52:41.234
512,350.9410858154297,350.42724609375,1728.0,1774,2022-12-19 14:52:41.272
513,351.04625701904297,350.1445770263672,1738,1779,2022-12-19 14:52:41.303
514,351.21646881103516,349.1867923736572,1695,1758,2022-12-19 14:52:41.334
515,351.7633056640625,348.3486843109131,1685,1800,2022-12-19 14:52:41.372
516,351.9720458984375,346.9302177429199,821,0,2022-12-19 14:52:41.403
517,352.6104736328125,344.6323585510254,814.0,815,2022-12-19 14:52:41.435
518,353.6031723022461,341.7358589172363,811,812,2022-12-19 14:52:41.473
519,355.28270721435547,339.2185592651367,812,810,2022-12-19 14:52:41.504
520,356.3908004760742,335.9722709655762,805,796,2022-12-19 14:52:41.535
521,358.5594940185547,333.9598274230957,804,797,2022-12-19 14:52:41.573
522,359.6991729736328,332.19008445739746,804.0,798,2022-12-19 14:52:41.604
523,358.5173797607422,331.85657501220703,806.0,796,2022-12-19 14:52:41.635
524,357.23011016845703,332.6626682281494,806,797,2022-12-19 14:52:41.673
525,354.7908020019531,333.6244869232178,806,798,2022-12-19 14:52:41.704
526,353.19454193115234,334.97961044311523,804,796,2022-12-19 14:52:41.736
527,351.7289733886719,335.4389190673828,802,796,2022-12-19 14:52:41.773
528,350.9825134277344,336.33227348327637,797,796,2022-12-19 14:52:41.804
529,350.5857467651367,336.6947364807129,795.0,794,2022-12-19 14:52:41.836
530,350.20668029785156,337.148380279541,793.0,792,2022-12-19 14:52:41.874
531,350.13648986816406,337.09802627563477,793.0,794,2022-12-19 14:52:41.898
532,350.4779052734375,338.06897163391113,793,794,2022-12-19 14:52:42.005
533,350.16124725341797,337.85508155822754,793,791,2022-12-19 14:52:42.021
534,349.86095428466797,337.6982116699219,792,792,2022-12-19 14:52:42.058
535,349.1639709472656,337.0323371887207,794.0,794,2022-12-19 14:52:42.074
536,348.2374954223633,336.2229537963867,794,794,2022-12-19 14:52:42.105
537,347.19791412353516,334.173059463501,795.0,792,2022-12-19 14:52:42.136
538,345.9718704223633,333.023042678833,797,795,2022-12-19 14:52:42.174
539,344.57508087158203,331.4505100250244,799,794,2022-12-19 14:52:42.206
540,343.6997604370117,329.624547958374,799,797,2022-12-19 14:52:42.237
541,342.69317626953125,327.9260730743408,800.0,799,2022-12-19 14:52:42.274
542,341.5564727783203,326.3456439971924,804,797,2022-12-19 14:52:42.306
543,339.84256744384766,323.8278293609619,804,797,2022-12-19 14:52:42.337
544,338.46370697021484,321.09429359436035,804,800,2022-12-19 14:52:42.375
545,337.45880126953125,319.17200088500977,809,802,2022-12-19 14:52:42.406
546,335.9539794921875,317.10193634033203,808.0,800,2022-12-19 14:52:42.437
547,335.2465057373047,314.7280025482178,810.0,804,2022-12-19 14:52:42.475
548,333.5955047607422,312.6650619506836,812.0,808,2022-12-19 14:52:42.506
549,331.9363784790039,310.52330017089844,813,813,2022-12-19 14:52:42.537
550,329.5758819580078,308.2858943939209,815.0,818,2022-12-19 14:52:42.575
551,327.71862030029297,307.06692695617676,818,820,2022-12-19 14:52:42.606
552,324.38804626464844,303.3347797393799,820,819,2022-12-19 14:52:42.637
553,321.5276336669922,299.64019775390625,826,832,2022-12-19 14:52:42.676
554,318.8726806640625,295.6519889831543,830,833,2022-12-19 14:52:42.707
555,315.7238578796387,292.01794624328613,832,0,2022-12-19 14:52:42.738
556,312.72216796875,288.316068649292,847,0,2022-12-19 14:52:42.776
557,308.7260055541992,284.179630279541,850,0,2022-12-19 14:52:42.807
558,304.68875885009766,280.24312019348145,1302,0,2022-12-19 14:52:42.838
559,301.6204071044922,276.2357711791992,1330.0,0,2022-12-19 14:52:42.876
560,296.5153503417969,271.53794288635254,1354.0,0,2022-12-19 14:52:42.907
561,291.48691177368164,266.50065422058105,1231,0,2022-12-19 14:52:42.938
562,286.8986129760742,262.47419357299805,1228,1231,2022-12-19 14:52:42.975
563,282.71629333496094,256.95055961608887,1231.0,0,2022-12-19 14:52:43.007
564,277.39986419677734,251.40186309814453,1243,0,2022-12-19 14:52:43.038
565,272.86367416381836,246.05830192565918,1243.0,1218,2022-12-19 14:52:43.076
566,268.2878112792969,240.6763744354248,1251.0,1248,2022-12-19 14:52:43.107
567,263.1182289123535,235.92830657958984,1243.0,1228,2022-12-19 14:52:43.138
568,259.6429443359375,231.1957025527954,1238,1233,2022-12-19 14:52:43.176
569,254.79646682739258,226.6794776916504,1233.0,0,2022-12-19 14:52:43.207
570,250.43903350830078,222.19053268432617,1238.0,0,2022-12-19 14:52:43.239
571,247.94782638549805,217.50115871429443,1283,0,2022-12-19 14:52:43.277
572,244.0627098083496,213.4083080291748,1333,0,2022-12-19 14:52:43.308
573,240.83145141601562,208.92359733581543,1421.0,0,2022-12-19 14:52:43.339
574,236.65311813354492,204.41033363342285,1404,1398,2022-12-19 14:52:43.361
575,233.55573654174805,199.6506929397583,1424.0,1424,2022-12-19 14:52:43.408
576,229.73907470703125,195.37665367126465,1373,0,2022-12-19 14:52:43.440
577,226.37941360473633,191.74957752227783,724.0,715,2022-12-19 14:52:43.462
578,223.50162506103516,188.21170806884766,697.5,701,2022-12-19 14:52:43.509
579,220.90665817260742,185.5120038986206,678,682,2022-12-19 14:52:43.540
580,218.59643936157227,182.4118709564209,673,674,2022-12-19 14:52:43.562
581,216.47624969482422,179.74648475646973,664.5,666,2022-12-19 14:52:43.609
582,214.3897819519043,177.1963405609131,664.0,663,2022-12-19 14:52:43.640
583,212.87248611450195,175.10291576385498,662.0,659,2022-12-19 14:52:43.663
584,211.0972023010254,173.96151065826416,660.0,659,2022-12-19 14:52:43.694
585,210.63302993774414,172.68852710723877,661.0,659,2022-12-19 14:52:43.741
586,210.5451774597168,171.76669120788574,660,660,2022-12-19 14:52:43.763
587,209.75515365600586,172.007417678833,663.0,662,2022-12-19 14:52:43.794
588,209.50855255126953,172.35610485076904,664.0,661,2022-12-19 14:52:43.841
589,209.12981033325195,173.05830001831055,667,666,2022-12-19 14:52:43.863
590,209.5966911315918,173.76341342926025,666.0,665,2022-12-19 14:52:43.894
591,210.1177215576172,173.6557102203369,666.0,664,2022-12-19 14:52:43.941
592,210.9562110900879,172.85498142242432,663,660,2022-12-19 14:52:43.963
593,211.74440383911133,171.79986476898193,662,661,2022-12-19 14:52:43.994
594,213.01673889160156,170.5867052078247,659.0,659,2022-12-19 14:52:44.041
595,214.94943618774414,169.4793176651001,654,655,2022-12-19 14:52:44.064
596,216.44277572631836,169.14526462554932,654.0,657,2022-12-19 14:52:44.095
597,217.36474990844727,169.22029495239258,653.0,654,2022-12-19 14:52:44.142
598,217.32622146606445,170.026273727417,654.0,655,2022-12-19 14:52:44.164
599,217.63051986694336,171.47272109985352,654.0,654,2022-12-19 14:52:44.196
600,217.06499099731445,173.388032913208,658,660,2022-12-19 14:52:44.242
601,216.49194717407227,175.15952110290527,663.0,663,2022-12-19 14:52:44.265
602,216.50978088378906,176.74212455749512,663.5,664,2022-12-19 14:52:44.296
603,216.63414001464844,178.79045963287354,667,667,2022-12-19 14:52:44.328
604,216.82580947875977,180.41666507720947,673.0,674,2022-12-19 14:52:44.365
605,217.35851287841797,182.02338695526123,679.0,680,2022-12-19 14:52:44.397
606,218.26665878295898,182.90745735168457,679,683,2022-12-19 14:52:44.428
607,219.14262771606445,183.63653182983398,679,685,2022-12-19 14:52:44.465
608,220.38497924804688,184.80525970458984,689,693,2022-12-19 14:52:44.497
609,222.37737655639648,186.1157512664795,705.0,698,2022-12-19 14:52:44.543
610,225.0278091430664,187.54117012023926,711.0,707,2022-12-19 14:52:44.566
611,227.75848388671875,189.84429359436035,1307.0,715,2022-12-19 14:52:44.597
612,231.05100631713867,192.0311450958252,1421.0,1438,2022-12-19 14:52:44.644
613,235.77232360839844,194.3662405014038,1371.0,1411,2022-12-19 14:52:44.666
614,241.62466049194336,196.5460968017578,1346.5,0,2022-12-19 14:52:44.697
615,245.8847999572754,199.79018211364746,1342,0,2022-12-19 14:52:44.744
616,250.4264259338379,203.4078311920166,1307.0,1288,2022-12-19 14:52:44.766
617,254.81468200683594,207.08025455474854,1305.0,1269,2022-12-19 14:52:44.797
618,260.6077766418457,210.5980396270752,1280,1187,2022-12-19 14:52:44.828
619,266.0037612915039,214.0737533569336,1296.0,0,2022-12-19 14:52:44.866
620,272.31618881225586,218.128023147583,1811.0,0,2022-12-19 14:52:44.897
621,276.21179580688477,222.17114925384521,1299,0,2022-12-19 14:52:44.929
622,281.3542938232422,226.509747505188,2029.0,2070,2022-12-19 14:52:44.966
623,285.8447074890137,230.29107570648193,2043,0,2022-12-19 14:52:44.997
624,289.55408096313477,234.37218189239502,2029,2056,2022-12-19 14:52:45.029
625,293.4932518005371,238.95768642425537,2015,2029,2022-12-19 14:52:45.066
626,297.03929901123047,243.25555801391602,1989.0,2043,2022-12-19 14:52:45.098
627,300.6841278076172,247.2319507598877,2022,2056,2022-12-19 14:52:45.129
628,301.9905090332031,250.7361602783203,1983,2009,2022-12-19 14:52:45.167
629,302.3957061767578,254.0889072418213,1944,1951,2022-12-19 14:52:45.198
630,303.34476470947266,256.39872550964355,1935.0,1938,2022-12-19 14:52:45.229
631,303.9253044128418,257.292423248291,1951.0,1976,2022-12-19 14:52:45.267
632,305.0059700012207,257.6634979248047,1896,1908,2022-12-19 14:52:45.298
633,305.1035499572754,257.2601509094238,1970,1951,2022-12-19 14:52:45.329
634,305.1112174987793,257.0331859588623,1896,1914,2022-12-19 14:52:45.367
635,305.92247009277344,256.57636642456055,1944.0,1970,2022-12-19 14:52:45.398
636,306.2565040588379,255.426664352417,1944,1938,2022-12-19 14:52:45.429
637,307.312068939209,253.41493606567383,1941.0,1908,2022-12-19 14:52:45.467
638,309.6212577819824,251.0983657836914,1970,1920,2022-12-19 14:52:45.498
639,311.9782066345215,249.93155479431152,1890,1838,2022-12-19 14:52:45.530
640,314.5829963684082,248.46124649047852,1890,1790,2022-12-19 14:52:45.567
641,315.2918243408203,246.93614959716797,1861,1822,2022-12-19 14:52:45.598
642,314.58810806274414,246.14547729492188,1884,1855,2022-12-19 14:52:45.645
643,312.59708404541016,246.324462890625,1908.0,1914,2022-12-19 14:52:45.667
644,310.0556182861328,247.4630355834961,1938,1970,2022-12-19 14:52:45.698
645,307.6934814453125,249.69011306762695,1983.0,1951,2022-12-19 14:52:45.729
646,306.2405776977539,251.46612167358398,1970,1920,2022-12-19 14:52:45.767
647,304.46800231933594,253.19283485412598,1976,1963,2022-12-19 14:52:45.798
648,302.82398223876953,254.8465061187744,1963.0,2009,2022-12-19 14:52:45.830
649,302.08818435668945,255.5504608154297,1989,2009,2022-12-19 14:52:45.867
650,301.3169479370117,257.8271198272705,1926.0,1983,2022-12-19 14:52:45.898
651,300.32806396484375,258.4686470031738,1957,1989,2022-12-19 14:52:45.930
652,299.93289947509766,259.38720703125,1914,2022,2022-12-19 14:52:45.967
653,299.4976806640625,260.59298515319824,1890,1983,2022-12-19 14:52:45.998
654,299.3552017211914,261.3508129119873,1878.0,1996,2022-12-19 14:52:46.030
655,298.5785102844238,261.8731498718262,1850.0,1983,2022-12-19 14:52:46.067
656,298.4968376159668,261.22241020202637,1983,2029,2022-12-19 14:52:46.099
657,299.6196746826172,261.54765129089355,1970.0,2022,2022-12-19 14:52:46.130
658,301.2486457824707,260.9403991699219,1896,1976,2022-12-19 14:52:46.167
659,302.37085342407227,260.0254154205322,1932.0,2029,2022-12-19 14:52:46.199
660,304.8139190673828,258.4123420715332,1983.0,1989,2022-12-19 14:52:46.230
661,306.80030822753906,256.2807369232178,1963.0,1944,2022-12-19 14:52:46.267
662,308.53315353393555,253.67995262145996,1941.0,1920,2022-12-19 14:52:46.299
663,311.6230773925781,251.83161735534668,1878,1850,2022-12-19 14:52:46.330
664,313.6104202270508,250.57130813598633,1827,1680,2022-12-19 14:52:46.367
665,315.3778839111328,249.56262588500977,1844,1844,2022-12-19 14:52:46.399
666,315.94715118408203,248.5843849182129,1709,0,2022-12-19 14:52:46.430
667,313.9248275756836,249.01330947875977,1850,1699,2022-12-19 14:52:46.467
668,312.19104766845703,250.05990028381348,1844.0,1704,2022-12-19 14:52:46.499
669,310.3556251525879,252.58197784423828,1884.0,1833,2022-12-19 14:52:46.530
670,308.76874923706055,255.2658176422119,1938,1844,2022-12-19 14:52:46.568
671,308.3542251586914,258.69858741760254,1838,0,2022-12-19 14:52:46.599
672,307.8838539123535,261.2581443786621,1738.0,1690,2022-12-19 14:52:46.630
673,308.0257034301758,263.7033176422119,1388,0,2022-12-19 14:52:46.667
674,307.2407531738281,266.3466453552246,1336.0,0,2022-12-19 14:52:46.699
675,306.7763328552246,268.5590171813965,1330.0,0,2022-12-19 14:52:46.730
676,306.4054298400879,271.0869884490967,1330,1354,2022-12-19 14:52:46.768
677,306.47138595581055,274.4651412963867,1330.0,1336,2022-12-19 14:52:46.799
678,306.1273956298828,276.87363624572754,1342.0,1363,2022-12-19 14:52:46.830
679,306.4570426940918,279.9924373626709,1299,1322,2022-12-19 14:52:46.868
680,306.55839920043945,282.9481601715088,1275.5,0,2022-12-19 14:52:46.908
681,307.3232650756836,288.17739486694336,836,837,2022-12-19 14:52:46.939
682,306.9125556945801,287.40735054016113,837,0,2022-12-19 14:52:47.046
683,305.46735763549805,293.4130096435547,836,843,2022-12-19 14:52:47.068
684,306.7211151123047,297.1597194671631,836.0,845,2022-12-19 14:52:47.084
685,307.2389793395996,300.71619987487793,840,840,2022-12-19 14:52:47.115
686,306.91396713256836,304.8068618774414,847.0,843,2022-12-19 14:52:47.146
687,306.96903228759766,308.2646083831787,847,844,2022-12-19 14:52:47.184
688,307.8657531738281,311.82835578918457,847,843,2022-12-19 14:52:47.215
689,307.17302322387695,314.4462203979492,853.0,852,2022-12-19 14:52:47.246
690,306.4289093017578,316.1997413635254,857,853,2022-12-19 14:52:47.284
691,305.86191177368164,317.65588760375977,859.0,859,2022-12-19 14:52:47.315
692,306.2819290161133,319.3243217468262,862.0,869,2022-12-19 14:52:47.346
693,306.4169502258301,319.70083236694336,860.0,869,2022-12-19 14:52:47.384
694,307.27025985717773,320.0610637664795,860,867,2022-12-19 14:52:47.415
695,306.4409637451172,319.0754699707031,860.0,864,2022-12-19 14:52:47.446
696,307.5330924987793,318.4984302520752,859.0,863,2022-12-19 14:52:47.484
697,307.03216552734375,317.7459239959717,858.0,860,2022-12-19 14:52:47.515
698,307.8096008300781,316.1525344848633,858,859,2022-12-19 14:52:47.546
699,308.1787109375,314.6893501281738,858.0,853,2022-12-19 14:52:47.584
700,309.69120025634766,313.2893943786621,858.0,852,2022-12-19 14:52:47.615
701,310.66749572753906,311.2082576751709,857.0,852,2022-12-19 14:52:47.647
702,312.0904731750488,308.8506031036377,858,853,2022-12-19 14:52:47.684
703,313.4380912780762,306.1443901062012,857.5,851,2022-12-19 14:52:47.716
704,314.5453643798828,303.6662006378174,859.0,859,2022-12-19 14:52:47.747
705,315.10868072509766,301.92858695983887,858.0,857,2022-12-19 14:52:47.784
706,314.75269317626953,301.24560356140137,857.0,858,2022-12-19 14:52:47.816
707,314.5443344116211,302.05533027648926,856.0,853,2022-12-19 14:52:47.847
708,314.1037940979004,303.6232566833496,852.0,847,2022-12-19 14:52:47.884
709,313.76976013183594,305.13516426086426,851.0,847,2022-12-19 14:52:47.916
710,313.19074630737305,307.1440601348877,851,844,2022-12-19 14:52:47.947
711,312.6266860961914,309.0186595916748,850.0,845,2022-12-19 14:52:47.984
712,312.3086357116699,310.8915710449219,847.0,839,2022-12-19 14:52:48.015
713,311.28496170043945,312.1910762786865,850,844,2022-12-19 14:52:48.047
714,311.4418601989746,313.54296684265137,850,839,2022-12-19 14:52:48.084
715,310.8643341064453,314.49594497680664,850,844,2022-12-19 14:52:48.115
716,311.29892349243164,315.5994415283203,847.0,843,2022-12-19 14:52:48.147
717,311.3684844970703,316.5167427062988,845.0,841,2022-12-19 14:52:48.185
718,312.0628547668457,317.3060417175293,844,841,2022-12-19 14:52:48.216
719,313.57030868530273,318.13347816467285,843,838,2022-12-19 14:52:48.247
720,316.0214042663574,318.9316463470459,839.0,836,2022-12-19 14:52:48.284
721,318.2466125488281,319.30312156677246,836,831,2022-12-19 14:52:48.316
722,319.6609878540039,319.95763778686523,834.0,831,2022-12-19 14:52:48.347
723,322.16209411621094,321.075439453125,830.0,828,2022-12-19 14:52:48.385
724,325.0706481933594,322.8273868560791,826.0,824,2022-12-19 14:52:48.415
725,327.4062728881836,323.76843452453613,824.0,819,2022-12-19 14:52:48.447
726,329.8031997680664,325.05749702453613,821,819,2022-12-19 14:52:48.484
727,333.1538772583008,326.88411712646484,818.0,815,2022-12-19 14:52:48.515
728,335.25707244873047,328.13538551330566,815,814,2022-12-19 14:52:48.547
729,337.43526458740234,329.8391532897949,813.0,811,2022-12-19 14:52:48.584
730,339.64588165283203,331.12598419189453,811.0,809,2022-12-19 14:52:48.616
731,341.8360137939453,332.95738220214844,807.0,806,2022-12-19 14:52:48.647
732,343.67332458496094,334.46468353271484,808,810,2022-12-19 14:52:48.685
733,345.74954986572266,336.9477653503418,806.0,808,2022-12-19 14:52:48.716
734,347.1518325805664,338.60426902770996,805.0,807,2022-12-19 14:52:48.747
735,349.1490936279297,341.0746192932129,809.0,811,2022-12-19 14:52:48.785
736,350.6925964355469,342.63733863830566,809.0,810,2022-12-19 14:52:48.815
737,352.0193099975586,344.4539165496826,809,811,2022-12-19 14:52:48.847
738,353.41609954833984,345.51907539367676,811,813,2022-12-19 14:52:48.885
739,353.8035202026367,346.6804504394531,811,0,2022-12-19 14:52:48.916
740,354.7367858886719,347.23477363586426,1690.0,0,2022-12-19 14:52:48.947
741,354.98870849609375,347.80137062072754,1680,0,2022-12-19 14:52:48.984
742,355.0627136230469,347.52050399780273,1671,0,2022-12-19 14:52:49.016
743,354.6366882324219,347.49478340148926,1676,0,2022-12-19 14:52:49.047
744,354.9696350097656,346.82833671569824,811.0,813,2022-12-19 14:52:49.084
745,354.95513916015625,345.5068874359131,810.0,815,2022-12-19 14:52:49.115
746,355.2239990234375,344.7722053527832,810.0,811,2022-12-19 14:52:49.147
747,355.2355194091797,343.54565620422363,808,811,2022-12-19 14:52:49.184
748,356.06678009033203,341.3053894042969,801,804,2022-12-19 14:52:49.215
749,357.2885513305664,339.17810440063477,804.0,801,2022-12-19 14:52:49.247
750,359.74578857421875,336.8294334411621,805.0,801,2022-12-19 14:52:49.285
751,361.53526306152344,334.925479888916,804.0,796,2022-12-19 14:52:49.316
752,363.6722946166992,333.26351165771484,807.0,802,2022-12-19 14:52:49.347
753,364.7883605957031,332.0258331298828,807.0,805,2022-12-19 14:52:49.385
754,365.3233337402344,332.25236892700195,808.0,804,2022-12-19 14:52:49.416
755,363.2566452026367,332.3884391784668,808,802,2022-12-19 14:52:49.447
756,360.8913803100586,333.3053684234619,806,800,2022-12-19 14:52:49.485
757,359.0010070800781,334.29614067077637,805.0,801,2022-12-19 14:52:49.516
758,358.1153106689453,335.3837299346924,800,795,2022-12-19 14:52:49.547
759,356.67236328125,336.5682792663574,799.0,794,2022-12-19 14:52:49.585
760,355.7611846923828,337.53830909729004,798,797,2022-12-19 14:52:49.616
761,354.8150634765625,337.781982421875,795,790,2022-12-19 14:52:49.648
762,354.06150817871094,338.4191608428955,797.0,796,2022-12-19 14:52:49.685
763,354.16412353515625,338.44871520996094,797,798,2022-12-19 14:52:49.716
764,353.96751403808594,337.94151306152344,797,798,2022-12-19 14:52:49.748
765,353.0931854248047,337.5207710266113,795,793,2022-12-19 14:52:49.785
766,352.2838592529297,336.7554187774658,795.0,794,2022-12-19 14:52:49.816
767,351.4532470703125,335.17212867736816,796,794,2022-12-19 14:52:49.847
768,350.33424377441406,333.7301445007324,797.0,794,2022-12-19 14:52:49.885
769,348.90132904052734,331.18927001953125,796.0,794,2022-12-19 14:52:49.916
770,346.7952346801758,328.45481872558594,795.0,794,2022-12-19 14:52:49.947
771,344.64725494384766,326.3554573059082,799.0,799,2022-12-19 14:52:49.985
772,342.1146011352539,323.5077667236328,799,796,2022-12-19 14:52:50.016
773,340.2471923828125,320.8780288696289,801,798,2022-12-19 14:52:50.048
774,338.37841033935547,317.78268814086914,805.0,797,2022-12-19 14:52:50.085
775,336.80233001708984,314.8052501678467,807,801,2022-12-19 14:52:50.116
776,335.01354217529297,311.86511993408203,807,806,2022-12-19 14:52:50.148
777,333.22059631347656,309.9290084838867,811,810,2022-12-19 14:52:50.185
778,331.84661865234375,308.0730628967285,813,811,2022-12-19 14:52:50.217
779,330.18455505371094,306.289644241333,812.0,814,2022-12-19 14:52:50.248
780,329.1155242919922,306.25805854797363,815.0,811,2022-12-19 14:52:50.288
781,329.0060043334961,310.7434272766113,814.0,811,2022-12-19 14:52:50.319
782,328.48426818847656,305.85591316223145,816,812,2022-12-19 14:52:50.417
783,322.8716278076172,299.8612976074219,821.0,829,2022-12-19 14:52:50.448
784,323.4232711791992,296.240873336792,825.0,837,2022-12-19 14:52:50.548
785,318.40232849121094,288.5720729827881,849.0,0,2022-12-19 14:52:50.570
786,317.9109001159668,283.35039138793945,1307,1316,2022-12-19 14:52:50.586
787,317.5914001464844,279.4064712524414,1310,1322,2022-12-19 14:52:50.617
788,317.2331428527832,276.60741806030273,1330,1330,2022-12-19 14:52:50.649
789,316.56517028808594,273.8528537750244,1296.0,1299,2022-12-19 14:52:50.686
790,315.54338455200195,271.93233489990234,1322,1327,2022-12-19 14:52:50.717
791,314.4961357116699,269.6605110168457,1327.0,1339,2022-12-19 14:52:50.748
792,313.41129302978516,268.10028076171875,1327.0,1333,2022-12-19 14:52:50.786
793,312.7115058898926,266.57936096191406,1330,1330,2022-12-19 14:52:50.817
794,311.3633346557617,265.42001724243164,1330,1336,2022-12-19 14:52:50.848
795,310.8995056152344,265.3616237640381,1330,1354,2022-12-19 14:52:50.870
796,310.391902923584,265.7925224304199,1339,1360,2022-12-19 14:52:50.902
797,309.6025276184082,266.2652778625488,1325.0,1357,2022-12-19 14:52:50.933
798,309.19490814208984,266.5458583831787,1336,1369,2022-12-19 14:52:50.970
799,309.1480255126953,267.66818046569824,1336,1360,2022-12-19 14:52:51.002
800,308.6498832702637,267.9290771484375,1333,1366,2022-12-19 14:52:51.033
801,309.2235565185547,268.2261371612549,1322.0,1330,2022-12-19 14:52:51.070
802,308.95456314086914,267.3016548156738,1339,1395,2022-12-19 14:52:51.102
803,309.1653633117676,266.30126953125,1330.0,1363,2022-12-19 14:52:51.133
804,309.9552917480469,265.08853912353516,1345,1382,2022-12-19 14:52:51.170
805,311.4594841003418,262.50391960144043,1348,1376,2022-12-19 14:52:51.202
806,313.8850975036621,259.4417095184326,1336,1376,2022-12-19 14:52:51.233
807,317.1893310546875,257.01501846313477,1311.5,1307,2022-12-19 14:52:51.270
808,318.9492607116699,254.91923332214355,1296,1283,2022-12-19 14:52:51.302
809,319.74220275878906,255.1439666748047,1299,1302,2022-12-19 14:52:51.333
810,318.1968879699707,255.58416366577148,1305,1310,2022-12-19 14:52:51.370
811,314.75317001342773,256.35412216186523,1345.0,1391,2022-12-19 14:52:51.402
812,311.87328338623047,258.52455139160156,1419.0,0,2022-12-19 14:52:51.433
813,310.5200386047363,260.89030265808105,1355.5,0,2022-12-19 14:52:51.470
814,309.74328994750977,262.8325080871582,1345.0,0,2022-12-19 14:52:51.502
815,309.08348083496094,263.92767906188965,1345.0,1414,2022-12-19 14:52:51.533
816,308.2550239562988,263.7400245666504,1371.0,0,2022-12-19 14:52:51.570
817,307.72607803344727,264.40855979919434,1613,0,2022-12-19 14:52:51.602
818,307.1289825439453,264.0516185760498,1371.0,0,2022-12-19 14:52:51.642
819,308.24546813964844,269.05245780944824,1330,1327,2022-12-19 14:52:51.657
820,307.55001068115234,266.1621952056885,1339,0,2022-12-19 14:52:51.786
821,302.9911994934082,271.33289337158203,1415.5,1764,2022-12-19 14:52:51.818
822,304.75961685180664,274.9193572998047,1336.0,0,2022-12-19 14:52:51.849
823,304.7089958190918,278.13486099243164,1313,0,2022-12-19 14:52:51.933
824,303.8871765136719,282.9935646057129,856.5,0,2022-12-19 14:52:51.971
825,303.4368133544922,286.74991607666016,848.0,0,2022-12-19 14:52:51.987
826,303.68534088134766,290.6133270263672,854,868,2022-12-19 14:52:52.033
827,303.8841438293457,294.31509017944336,851,862,2022-12-19 14:52:52.071
828,304.44786071777344,297.4697971343994,853,858,2022-12-19 14:52:52.087
829,305.01991271972656,300.93223571777344,856,857,2022-12-19 14:52:52.118
830,305.11945724487305,304.36509132385254,860,857,2022-12-19 14:52:52.149
831,305.0038146972656,307.25409507751465,862.0,859,2022-12-19 14:52:52.187
832,304.3299865722656,309.9451446533203,864.0,862,2022-12-19 14:52:52.218
833,304.7557830810547,312.01518058776855,867,865,2022-12-19 14:52:52.250
834,304.9603462219238,313.2027053833008,868,864,2022-12-19 14:52:52.287
835,305.29422760009766,314.00774002075195,867,869,2022-12-19 14:52:52.318
836,305.3752136230469,314.3397331237793,869,872,2022-12-19 14:52:52.349
837,305.71170806884766,313.63380432128906,867,859,2022-12-19 14:52:52.387
838,305.4116630554199,312.6347064971924,865.0,862,2022-12-19 14:52:52.418
839,305.87297439575195,311.42223358154297,868,865,2022-12-19 14:52:52.449
840,305.7200813293457,309.4428062438965,870,868,2022-12-19 14:52:52.487
841,306.86479568481445,307.1199417114258,869,864,2022-12-19 14:52:52.518
842,307.6873016357422,303.7130641937256,868,867,2022-12-19 14:52:52.550
843,308.8705825805664,300.55460929870605,872.0,877,2022-12-19 14:52:52.587
844,310.6949806213379,297.3335838317871,872,873,2022-12-19 14:52:52.618
845,311.9619941711426,295.2304172515869,870,872,2022-12-19 14:52:52.650
846,312.53034591674805,293.65702629089355,874.0,870,2022-12-19 14:52:52.687
847,311.96998596191406,293.3092975616455,872.0,872,2022-12-19 14:52:52.719
848,309.9595069885254,293.8322925567627,867.0,875,2022-12-19 14:52:52.749
849,308.17481994628906,294.94969367980957,869,878,2022-12-19 14:52:52.787
850,306.72271728515625,296.3379192352295,868.0,873,2022-12-19 14:52:52.819
851,306.32984161376953,297.9041576385498,864,870,2022-12-19 14:52:52.850
852,305.8826446533203,298.93229484558105,865,868,2022-12-19 14:52:52.888
853,305.2201271057129,299.23413276672363,860.0,865,2022-12-19 14:52:52.919
854,305.5971145629883,299.2037773132324,860.0,864,2022-12-19 14:52:52.950
855,306.48996353149414,298.86048316955566,858.0,865,2022-12-19 14:52:52.987
856,308.2030487060547,298.108491897583,856.0,860,2022-12-19 14:52:53.019
857,310.90667724609375,295.5288791656494,854.0,859,2022-12-19 14:52:53.050
858,315.4446029663086,292.96088218688965,852.0,0,2022-12-19 14:52:53.088
859,319.98485565185547,289.3991947174072,863.0,0,2022-12-19 14:52:53.119
860,326.31710052490234,286.52807235717773,1293,0,2022-12-19 14:52:53.150
861,332.30262756347656,283.2081127166748,1325.0,1342,2022-12-19 14:52:53.188
862,337.94036865234375,279.54139709472656,1327,1357,2022-12-19 14:52:53.219
863,343.19530487060547,275.18171310424805,1291,1333,2022-12-19 14:52:53.250
864,349.0970993041992,271.09545707702637,1223.0,0,2022-12-19 14:52:53.288
865,352.64896392822266,266.3850402832031,743,0,2022-12-19 14:52:53.319
866,356.57493591308594,261.9492244720459,723,724,2022-12-19 14:52:53.350
867,360.9092712402344,258.35243225097656,709,710,2022-12-19 14:52:53.388
868,363.2732391357422,254.36800003051758,696.0,696,2022-12-19 14:52:53.419
869,365.3235626220703,250.60077667236328,688.0,687,2022-12-19 14:52:53.450
870,366.6105270385742,246.9158935546875,680.0,679,2022-12-19 14:52:53.488
871,367.3898696899414,243.2991600036621,674.0,671,2022-12-19 14:52:53.519
872,367.7518844604492,239.6777629852295,667.0,665,2022-12-19 14:52:53.550
873,367.4353790283203,237.17019081115723,664.0,660,2022-12-19 14:52:53.588
874,368.0979537963867,235.1140022277832,661,658,2022-12-19 14:52:53.619
875,368.5591506958008,234.440016746521,659,654,2022-12-19 14:52:53.650
876,368.8232421875,233.9723825454712,658,655,2022-12-19 14:52:53.688
877,369.41123962402344,233.22684288024902,655,652,2022-12-19 14:52:53.719
878,369.33502197265625,232.93673515319824,654,651,2022-12-19 14:52:53.750
879,369.5920944213867,232.81814575195312,653,651,2022-12-19 14:52:53.788
880,369.3361282348633,233.12357425689697,655,652,2022-12-19 14:52:53.819
881,369.29786682128906,233.27374935150146,654,651,2022-12-19 14:52:53.850
882,369.2324447631836,233.56389999389648,655,651,2022-12-19 14:52:53.888
883,369.12120819091797,233.5484504699707,655,652,2022-12-19 14:52:53.919
884,369.15138244628906,233.4484577178955,654,652,2022-12-19 14:52:53.950
885,369.5134735107422,232.9253053665161,654,651,2022-12-19 14:52:53.988
886,371.6575622558594,231.16029739379883,650,648,2022-12-19 14:52:54.019
887,374.0793228149414,229.84305381774902,647,645,2022-12-19 14:52:54.050
888,377.28687286376953,228.3189582824707,644,642,2022-12-19 14:52:54.088
889,379.97711181640625,227.83764839172363,642,639,2022-12-19 14:52:54.119
890,379.80186462402344,227.9948616027832,643,642,2022-12-19 14:52:54.135
891,379.0350341796875,229.0497922897339,646,643,2022-12-19 14:52:54.172
892,376.7472457885742,229.70947265625,647,645,2022-12-19 14:52:54.204
893,371.6931915283203,230.50366401672363,652,650,2022-12-19 14:52:54.235
894,368.2750701904297,231.3588523864746,656,654,2022-12-19 14:52:54.272
895,365.11241912841797,231.28369331359863,659,657,2022-12-19 14:52:54.304
896,362.6184844970703,231.02828979492188,662,662,2022-12-19 14:52:54.335
897,359.4751739501953,230.9943151473999,663.0,663,2022-12-19 14:52:54.373
898,356.2938690185547,230.88458061218262,668,668,2022-12-19 14:52:54.404
899,350.9384536743164,231.28686904907227,680,677,2022-12-19 14:52:54.435
900,345.49076080322266,230.818133354187,696.0,0,2022-12-19 14:52:54.473
901,338.7887954711914,230.6920051574707,1162.0,1149,2022-12-19 14:52:54.504
902,331.4103698730469,230.08788585662842,1176,1171,2022-12-19 14:52:54.535
903,325.66951751708984,229.14198875427246,1187,1176,2022-12-19 14:52:54.573
904,319.69099044799805,228.04415702819824,1932,1926,2022-12-19 14:52:54.604
905,313.6190986633301,225.76415061950684,1973.0,1996,2022-12-19 14:52:54.635
906,306.45700454711914,223.27212810516357,1989.0,1976,2022-12-19 14:52:54.673
907,300.27015686035156,220.8460807800293,2043,2049,2022-12-19 14:52:54.704
908,292.2011947631836,217.25764274597168,2063,2106,2022-12-19 14:52:54.736
909,286.2171936035156,213.24816226959229,2056.0,2078,2022-12-19 14:52:54.773
910,279.24394607543945,209.33303833007812,2049.0,2070,2022-12-19 14:52:54.804
911,272.4774360656738,207.1314239501953,1560.0,0,2022-12-19 14:52:54.836
912,267.9207992553711,204.99125003814697,1293.0,1097,2022-12-19 14:52:54.873
913,261.57068252563477,201.37524604797363,1274,0,2022-12-19 14:52:54.905
914,255.78439712524414,197.82045364379883,1221,1322,2022-12-19 14:52:54.936
915,250.34263610839844,193.56784343719482,690.5,0,2022-12-19 14:52:54.973
916,245.6784439086914,189.91837978363037,654.0,652,2022-12-19 14:52:55.004
917,241.21225357055664,186.89400672912598,647.0,650,2022-12-19 14:52:55.036
918,236.5670394897461,184.022798538208,643.0,647,2022-12-19 14:52:55.073
919,232.83803939819336,182.059907913208,644,646,2022-12-19 14:52:55.104
920,230.6028938293457,180.5269432067871,643,645,2022-12-19 14:52:55.136
921,227.52931594848633,178.6547327041626,643.0,645,2022-12-19 14:52:55.173
922,225.27803421020508,177.62721061706543,643,645,2022-12-19 14:52:55.205
923,223.63670349121094,177.72377014160156,644,645,2022-12-19 14:52:55.251
924,221.57020568847656,177.21901416778564,647,648,2022-12-19 14:52:55.273
925,219.99292373657227,177.18549728393555,650,650,2022-12-19 14:52:55.305
926,219.12725448608398,177.1882152557373,651.5,652,2022-12-19 14:52:55.336
927,218.4471321105957,176.73954963684082,650,652,2022-12-19 14:52:55.374
928,217.85423278808594,176.67832374572754,652.0,652,2022-12-19 14:52:55.405
929,217.51943588256836,176.80094718933105,652.0,654,2022-12-19 14:52:55.436
930,217.24027633666992,177.0934009552002,656.0,657,2022-12-19 14:52:55.474
931,217.11877822875977,177.241530418396,655.0,657,2022-12-19 14:52:55.505
932,217.1817398071289,177.0276117324829,657.0,659,2022-12-19 14:52:55.536
933,218.1442642211914,177.23688125610352,656.5,659,2022-12-19 14:52:55.574
934,220.91777801513672,176.08460426330566,653.0,657,2022-12-19 14:52:55.605
935,223.1105613708496,174.2255401611328,649.0,650,2022-12-19 14:52:55.637
936,226.17156982421875,173.43523979187012,646,646,2022-12-19 14:52:55.674
937,228.5945701599121,172.1381378173828,645.0,642,2022-12-19 14:52:55.706
938,229.01660919189453,171.63856029510498,642,641,2022-12-19 14:52:55.737
939,229.35548782348633,172.27572441101074,643.0,642,2022-12-19 14:52:55.775
940,228.09955596923828,173.62873077392578,644,644,2022-12-19 14:52:55.806
941,225.91520309448242,174.8097324371338,647,649,2022-12-19 14:52:55.837
942,223.16181182861328,176.03346347808838,649.0,649,2022-12-19 14:52:55.874
943,222.9918670654297,177.12643146514893,650.0,650,2022-12-19 14:52:55.906
944,222.77347564697266,177.60945796966553,648.0,650,2022-12-19 14:52:55.937
945,223.89087677001953,178.96220684051514,648.0,650,2022-12-19 14:52:55.974
946,225.00520706176758,180.15599727630615,650,652,2022-12-19 14:52:56.006
947,226.74501419067383,181.5966510772705,650.0,653,2022-12-19 14:52:56.037
948,228.84122848510742,183.33123207092285,650.0,657,2022-12-19 14:52:56.074
949,231.6659927368164,184.86661434173584,650.0,660,2022-12-19 14:52:56.106
950,234.37179565429688,185.7195281982422,653,662,2022-12-19 14:52:56.137
951,237.7817153930664,187.25469589233398,657,675,2022-12-19 14:52:56.174
952,243.03796768188477,188.8352108001709,664.0,0,2022-12-19 14:52:56.206
953,247.00698852539062,190.78731536865234,702.0,0,2022-12-19 14:52:56.237
954,251.42745971679688,193.03396224975586,1190,1299,2022-12-19 14:52:56.275
955,257.49549865722656,195.1362133026123,1264,1357,2022-12-19 14:52:56.306
956,263.2930564880371,198.023099899292,1361.5,0,2022-12-19 14:52:56.337
957,270.3857421875,200.92486381530762,1438,0,2022-12-19 14:52:56.375
958,279.4081115722656,204.8539638519287,1509,1996,2022-12-19 14:52:56.407
959,285.1483345031738,209.2087984085083,2049.0,2070,2022-12-19 14:52:56.438
960,294.72667694091797,214.55748081207275,2029.0,2092,2022-12-19 14:52:56.475
961,301.4975357055664,219.40916061401367,2036,2036,2022-12-19 14:52:56.507
962,312.41661071777344,224.54858779907227,1963.0,1963,2022-12-19 14:52:56.538
963,318.9529800415039,229.43216800689697,1902.0,1908,2022-12-19 14:52:56.575
964,327.03685760498047,235.0566530227661,1187.0,1176,2022-12-19 14:52:56.607
965,334.4675064086914,239.85157012939453,1180.0,1178,2022-12-19 14:52:56.638
966,342.78709411621094,245.12280464172363,1178,1199,2022-12-19 14:52:56.676
967,348.7928771972656,250.22083282470703,1180,1208,2022-12-19 14:52:56.707
968,353.4122848510742,255.50811767578125,723.0,720,2022-12-19 14:52:56.738
969,357.7513122558594,261.1681938171387,724,725,2022-12-19 14:52:56.776
970,360.2463150024414,266.32115364074707,727,730,2022-12-19 14:52:56.807
971,363.13770294189453,271.92234992980957,728,727,2022-12-19 14:52:56.839
972,364.87743377685547,277.80847549438477,739,0,2022-12-19 14:52:56.876
973,365.79620361328125,283.62908363342285,748,747,2022-12-19 14:52:56.917
974,373.7664031982422,286.8574047088623,738.0,741,2022-12-19 14:52:56.932
975,368.78211975097656,288.96915435791016,749.5,751,2022-12-19 14:52:57.054
976,371.5167236328125,295.0769233703613,763,762,2022-12-19 14:52:57.076
977,370.8011245727539,300.98307609558105,780.0,789,2022-12-19 14:52:57.092
978,369.0070343017578,305.16743659973145,787,796,2022-12-19 14:52:57.123
979,368.81874084472656,309.06171798706055,789,797,2022-12-19 14:52:57.154
980,367.5965881347656,312.7140426635742,791.0,799,2022-12-19 14:52:57.192
981,366.5535354614258,316.3711166381836,788,791,2022-12-19 14:52:57.223
982,365.89115142822266,319.53309059143066,790,791,2022-12-19 14:52:57.254
983,365.1429748535156,321.2901306152344,791.0,791,2022-12-19 14:52:57.292
984,364.52938079833984,322.4975109100342,790,791,2022-12-19 14:52:57.323
985,363.86722564697266,322.9698944091797,793.0,794,2022-12-19 14:52:57.354
986,363.9130401611328,322.7600955963135,791,792,2022-12-19 14:52:57.392
987,363.8247299194336,323.12315940856934,793,791,2022-12-19 14:52:57.423
988,364.010009765625,323.03629875183105,791,790,2022-12-19 14:52:57.454
989,364.7953414916992,321.9756317138672,792,794,2022-12-19 14:52:57.492
990,364.8444366455078,321.64950370788574,795,795,2022-12-19 14:52:57.523
991,365.3689956665039,320.90243339538574,794.0,792,2022-12-19 14:52:57.554
992,365.85506439208984,319.3297863006592,794,792,2022-12-19 14:52:57.592
993,367.325439453125,317.6071357727051,792,791,2022-12-19 14:52:57.623
994,368.9147186279297,315.87550163269043,791.0,790,2022-12-19 14:52:57.654
995,371.0843276977539,314.33950424194336,785,784,2022-12-19 14:52:57.692
996,373.95103454589844,314.05354499816895,785,784,2022-12-19 14:52:57.723
997,374.08504486083984,313.2316589355469,784,783,2022-12-19 14:52:57.754
998,373.0551528930664,313.5062026977539,785,783,2022-12-19 14:52:57.776
999,371.1375427246094,313.824520111084,785,785,2022-12-19 14:52:57.807
1000,370.35770416259766,315.04551887512207,788.0,786,2022-12-19 14:52:57.839
1001,368.5188293457031,316.3708305358887,787.0,787,2022-12-19 14:52:57.876
1002,366.93885803222656,317.96902656555176,788,785,2022-12-19 14:52:57.907
1003,365.8425521850586,319.2176914215088,787,784,2022-12-19 14:52:57.939
1004,365.0700378417969,320.73437690734863,787.0,785,2022-12-19 14:52:57.976
1005,363.68236541748047,321.7299556732178,788,790,2022-12-19 14:52:58.007
1006,362.63465881347656,322.41268157958984,789,787,2022-12-19 14:52:58.038
1007,361.2921905517578,322.9866886138916,790.0,788,2022-12-19 14:52:58.076
1008,359.34154510498047,323.72886657714844,791,786,2022-12-19 14:52:58.107
1009,357.8941345214844,323.45054626464844,794,788,2022-12-19 14:52:58.139
1010,356.17603302001953,323.0554962158203,797.0,792,2022-12-19 14:52:58.176
1011,354.5440673828125,321.53306007385254,798.0,793,2022-12-19 14:52:58.207
1012,352.4576187133789,320.5322742462158,800,797,2022-12-19 14:52:58.254
1013,351.07967376708984,318.66969108581543,802.0,799,2022-12-19 14:52:58.276
1014,348.5853958129883,316.3043689727783,809.0,810,2022-12-19 14:52:58.307
1015,346.66072845458984,313.035364151001,811.0,813,2022-12-19 14:52:58.354
1016,344.2818069458008,310.6443500518799,812.0,816,2022-12-19 14:52:58.376
1017,342.42610931396484,308.5913944244385,813.5,823,2022-12-19 14:52:58.408
1018,339.7264099121094,306.7232894897461,820,830,2022-12-19 14:52:58.439
1019,338.0540466308594,303.4812641143799,822.0,832,2022-12-19 14:52:58.477
1020,335.9196090698242,301.19507789611816,828.0,837,2022-12-19 14:52:58.508
1021,333.8896179199219,298.37963104248047,837.0,0,2022-12-19 14:52:58.539
1022,332.208251953125,295.54922103881836,1333.0,0,2022-12-19 14:52:58.577
1023,330.3304672241211,292.7816963195801,1330.0,0,2022-12-19 14:52:58.608
1024,327.3775863647461,290.066442489624,1333.0,0,2022-12-19 14:52:58.639
1025,325.06675720214844,287.2920513153076,1330,0,2022-12-19 14:52:58.677
1026,321.79710388183594,284.3448829650879,1330.0,1330,2022-12-19 14:52:58.718
1027,322.6668930053711,289.1935729980469,1316.0,0,2022-12-19 14:52:58.734
1028,318.10441970825195,283.19912910461426,1322,1322,2022-12-19 14:52:58.855
1029,309.2654037475586,274.6769428253174,1336.0,1342,2022-12-19 14:52:58.893
1030,302.9440116882324,265.63304901123047,1800,1878,2022-12-19 14:52:58.924
1031,298.35493087768555,258.99513244628906,1884,2009,2022-12-19 14:52:58.956
1032,292.12291717529297,252.54083633422852,1938,0,2022-12-19 14:52:58.993
1033,288.38924407958984,245.81806182861328,2015,1221,2022-12-19 14:52:59.025
1034,282.57497787475586,239.23929691314697,1238.0,1216,2022-12-19 14:52:59.056
1035,278.21815490722656,232.31881141662598,1238,1236,2022-12-19 14:52:59.093
1036,274.56138610839844,226.50004863739014,1256,0,2022-12-19 14:52:59.125
1037,268.92520904541016,221.61458015441895,1237.0,0,2022-12-19 14:52:59.156
1038,264.0226936340332,217.37832069396973,1253,0,2022-12-19 14:52:59.194
1039,260.1890563964844,213.42859268188477,1264,1238,2022-12-19 14:52:59.224
1040,256.6347312927246,209.29826259613037,1228.0,1233,2022-12-19 14:52:59.256
1041,253.73653411865234,205.06805419921875,1253.0,1274,2022-12-19 14:52:59.294
1042,250.36338806152344,200.5025053024292,1243,1283,2022-12-19 14:52:59.325
1043,247.83689498901367,196.67827606201172,1204.0,1187,2022-12-19 14:52:59.356
1044,244.46966171264648,193.23646545410156,720.5,1128,2022-12-19 14:52:59.394
1045,240.60544967651367,189.91865158081055,674,0,2022-12-19 14:52:59.425
1046,237.91032791137695,186.03368282318115,662,675,2022-12-19 14:52:59.456
1047,236.18972778320312,182.27900505065918,652.0,660,2022-12-19 14:52:59.494
1048,233.49920272827148,178.9546537399292,651,656,2022-12-19 14:52:59.525
1049,231.40880584716797,176.04025840759277,649,651,2022-12-19 14:52:59.556
1050,229.22386169433594,174.1431427001953,648.0,650,2022-12-19 14:52:59.594
1051,226.6039276123047,172.73569107055664,647.0,647,2022-12-19 14:52:59.625
1052,225.2631950378418,171.81482791900635,647.0,648,2022-12-19 14:52:59.656
1053,223.8924789428711,171.43990516662598,647.0,648,2022-12-19 14:52:59.694
1054,222.6766586303711,171.27153396606445,649.0,651,2022-12-19 14:52:59.725
1055,221.84600830078125,171.3415002822876,651,652,2022-12-19 14:52:59.756
1056,221.5961456298828,171.5116310119629,652.0,654,2022-12-19 14:52:59.794
1057,221.84011459350586,171.92370414733887,652.0,652,2022-12-19 14:52:59.825
1058,222.47249603271484,171.56969547271729,653.0,655,2022-12-19 14:52:59.857
1059,222.8083038330078,171.4570426940918,652,654,2022-12-19 14:52:59.895
1060,224.2727279663086,170.75600624084473,651.5,652,2022-12-19 14:52:59.926
1061,226.22098922729492,169.04288291931152,648,649,2022-12-19 14:52:59.957
1062,229.5420265197754,167.2033452987671,645,645,2022-12-19 14:52:59.995
1063,233.11504364013672,166.15971565246582,643,642,2022-12-19 14:53:00.037
1064,236.26861572265625,166.17068767547607,645.0,643,2022-12-19 14:53:00.158
1065,238.1521224975586,168.45136642456055,647.0,647,2022-12-19 14:53:00.180
1066,238.08259963989258,169.80019569396973,650,648,2022-12-19 14:53:00.196
1067,237.33661651611328,170.9585952758789,652,651,2022-12-19 14:53:00.227
1068,237.01862335205078,172.82712936401367,655,652,2022-12-19 14:53:00.259
1069,236.82764053344727,173.94710540771484,654,652,2022-12-19 14:53:00.297
1070,237.68301010131836,175.2019214630127,657.0,657,2022-12-19 14:53:00.328
1071,238.57805252075195,176.60161972045898,657,657,2022-12-19 14:53:00.359
1072,238.93610000610352,177.78117656707764,659.0,659,2022-12-19 14:53:00.397
1073,240.06322860717773,179.51754570007324,663.0,662,2022-12-19 14:53:00.428
1074,241.5611457824707,181.4325714111328,666,0,2022-12-19 14:53:00.459
1075,243.55377197265625,183.1380844116211,682.0,1171,2022-12-19 14:53:00.497
1076,246.22802734375,185.2547836303711,720,1231,2022-12-19 14:53:00.529
1077,249.53271865844727,187.25139141082764,1171.0,0,2022-12-19 14:53:00.560
1078,253.34068298339844,189.44463729858398,1213,0,2022-12-19 14:53:00.598
1079,257.2509002685547,191.9750690460205,1243.0,0,2022-12-19 14:53:00.629
1080,261.98184967041016,194.3675422668457,1342,1369,2022-12-19 14:53:00.660
1081,265.0572395324707,197.3339080810547,1395,1366,2022-12-19 14:53:00.697
1082,270.59167861938477,200.34130096435547,1404,0,2022-12-19 14:53:00.740
1083,275.8964157104492,203.5204839706421,1483.0,0,2022-12-19 14:53:00.755
1084,277.7143859863281,207.88467407226562,1766.5,2085,2022-12-19 14:53:00.797
1085,285.6957817077637,213.12426567077637,2049,2056,2022-12-19 14:53:00.913
1086,296.50339126586914,219.53511714935303,2056,2092,2022-12-19 14:53:00.944
1087,298.4410858154297,224.71840381622314,2022,2043,2022-12-19 14:53:00.982
1088,302.2565460205078,229.4845962524414,2029,2043,2022-12-19 14:53:00.998
1089,303.45909118652344,234.42150592803955,2009,2009,2022-12-19 14:53:01.029
1090,304.5791435241699,239.35961723327637,1976,1963,2022-12-19 14:53:01.060
1091,305.6997489929199,243.70831489562988,1963.0,1951,2022-12-19 14:53:01.098
1092,306.69822692871094,247.93790817260742,1957.0,1970,2022-12-19 14:53:01.129
1093,306.83666229248047,252.0022201538086,1983,1983,2022-12-19 14:53:01.171
1094,308.2195281982422,256.16878509521484,1944,1811,2022-12-19 14:53:01.298
1095,307.4368095397949,261.8636226654053,1830.0,1644,2022-12-19 14:53:01.329
1096,310.7032012939453,266.56256675720215,1336.0,1357,2022-12-19 14:53:01.345
1097,308.25849533081055,270.0636291503906,1333,1354,2022-12-19 14:53:01.383
1098,309.32695388793945,273.5793685913086,1336,1348,2022-12-19 14:53:01.414
1099,309.70319747924805,276.8253707885742,1333.0,1345,2022-12-19 14:53:01.445
1100,308.9442443847656,279.44583892822266,1327.0,1330,2022-12-19 14:53:01.483
1101,308.82558822631836,282.19496726989746,1327.0,1351,2022-12-19 14:53:01.514
1102,307.9511260986328,284.7798156738281,1310,0,2022-12-19 14:53:01.545
1103,307.5615692138672,288.20385932922363,864.0,0,2022-12-19 14:53:01.582
1104,307.1258544921875,291.5906810760498,862.0,0,2022-12-19 14:53:01.614
1105,306.9659996032715,294.42718505859375,857,873,2022-12-19 14:53:01.645
1106,306.988468170166,298.0331325531006,856.0,868,2022-12-19 14:53:01.683
1107,307.1270179748535,300.94531059265137,854.0,858,2022-12-19 14:53:01.714
1108,306.95730209350586,303.8632392883301,860,860,2022-12-19 14:53:01.745
1109,307.5951957702637,306.62976264953613,860,859,2022-12-19 14:53:01.783
1110,307.282772064209,308.8124942779541,863.0,858,2022-12-19 14:53:01.814
1111,307.2157669067383,310.50868034362793,864,858,2022-12-19 14:53:01.845
1112,307.72735595703125,311.7901611328125,865,858,2022-12-19 14:53:01.883
1113,307.24462509155273,313.3498477935791,867,860,2022-12-19 14:53:01.914
1114,307.24754333496094,314.18169021606445,865.0,860,2022-12-19 14:53:01.954
1115,308.71423721313477,317.7221202850342,870,867,2022-12-19 14:53:01.998
1116,307.0762252807617,314.1145133972168,870,867,2022-12-19 14:53:02.098
1117,307.2243881225586,313.5926628112793,868.0,860,2022-12-19 14:53:02.114
1118,308.2828712463379,312.59971618652344,868.0,860,2022-12-19 14:53:02.145
1119,309.54999923706055,310.99313735961914,873.0,862,2022-12-19 14:53:02.183
1120,311.7920684814453,309.0260982513428,872,867,2022-12-19 14:53:02.214
1121,313.4021186828613,307.29655265808105,877,870,2022-12-19 14:53:02.245
1122,315.7719039916992,305.7052803039551,873,872,2022-12-19 14:53:02.282
1123,316.04230880737305,304.1370391845703,870.0,867,2022-12-19 14:53:02.314
1124,316.6103935241699,302.3836898803711,874.0,873,2022-12-19 14:53:02.345
1125,317.06552505493164,302.0358180999756,870.0,873,2022-12-19 14:53:02.383
1126,316.2112045288086,302.3752784729004,869.0,875,2022-12-19 14:53:02.414
1127,315.909423828125,303.21410179138184,869,869,2022-12-19 14:53:02.445
1128,315.5647087097168,304.41264152526855,863.5,864,2022-12-19 14:53:02.483
1129,315.55429458618164,305.9607696533203,864.0,859,2022-12-19 14:53:02.514
1130,315.5274772644043,307.0194911956787,862.0,856,2022-12-19 14:53:02.545
1131,315.1719093322754,307.5959587097168,863,854,2022-12-19 14:53:02.583
1132,315.877685546875,308.31029891967773,858,852,2022-12-19 14:53:02.614
1133,316.32213592529297,308.26560974121094,856.0,851,2022-12-19 14:53:02.645
1134,317.4335479736328,307.9805374145508,854,851,2022-12-19 14:53:02.683
1135,318.3848190307617,307.3272514343262,850,846,2022-12-19 14:53:02.714
1136,320.9169387817383,306.3751029968262,844,843,2022-12-19 14:53:02.746
1137,324.0941619873047,304.7123908996582,837.0,839,2022-12-19 14:53:02.783
1138,328.39534759521484,302.44717597961426,833,836,2022-12-19 14:53:02.814
1139,331.4994812011719,299.55416679382324,837.0,841,2022-12-19 14:53:02.846
1140,336.7012405395508,296.2994956970215,833,0,2022-12-19 14:53:02.883
1141,340.1439666748047,293.27147483825684,839.0,0,2022-12-19 14:53:02.915
1142,344.3088150024414,289.69247817993164,1336,0,2022-12-19 14:53:02.946
1143,348.67401123046875,286.12990379333496,815,0,2022-12-19 14:53:02.983
1144,352.09388732910156,282.1650695800781,763.0,758,2022-12-19 14:53:03.015
1145,355.31749725341797,278.7462329864502,752.0,755,2022-12-19 14:53:03.046
1146,358.00914764404297,274.97523307800293,736,740,2022-12-19 14:53:03.083
1147,360.51353454589844,271.14166259765625,729,731,2022-12-19 14:53:03.115
1148,362.99095153808594,267.4947166442871,720.0,720,2022-12-19 14:53:03.146
1149,364.8605728149414,264.1557025909424,711,709,2022-12-19 14:53:03.183
1150,366.47632598876953,260.16551971435547,702,701,2022-12-19 14:53:03.215
1151,367.95726776123047,255.92780113220215,693,689,2022-12-19 14:53:03.246
1152,369.32373046875,251.14826202392578,684,679,2022-12-19 14:53:03.283
1153,370.43201446533203,246.77358627319336,673,668,2022-12-19 14:53:03.314
1154,371.9335174560547,242.23628997802734,666,662,2022-12-19 14:53:03.346
1155,372.8343963623047,237.94861793518066,658,654,2022-12-19 14:53:03.383
1156,373.5154724121094,234.49090003967285,654,650,2022-12-19 14:53:03.415
1157,373.8906478881836,231.9019889831543,651,650,2022-12-19 14:53:03.446
1158,374.33666229248047,230.4374599456787,649,648,2022-12-19 14:53:03.483
1159,374.08763885498047,228.90618324279785,647,645,2022-12-19 14:53:03.515
1160,373.95870208740234,228.32562446594238,646,645,2022-12-19 14:53:03.546
1161,373.7274932861328,227.42380142211914,646,644,2022-12-19 14:53:03.583
1162,373.42124938964844,226.94050312042236,646,645,2022-12-19 14:53:03.615
1163,373.5939025878906,227.15651035308838,647,645,2022-12-19 14:53:03.646
1164,372.84290313720703,227.62639045715332,647,645,2022-12-19 14:53:03.683
1165,372.46097564697266,228.22568893432617,647,646,2022-12-19 14:53:03.715
1166,372.4477005004883,227.7310609817505,646,645,2022-12-19 14:53:03.746
1167,372.5343704223633,228.308687210083,647,646,2022-12-19 14:53:03.783
1168,372.7119445800781,228.56788158416748,648,647,2022-12-19 14:53:03.815
1169,373.6835479736328,227.23377227783203,646,645,2022-12-19 14:53:03.846
1170,375.15724182128906,226.2469482421875,645,643,2022-12-19 14:53:03.884
1171,378.21109771728516,225.15410900115967,643,639,2022-12-19 14:53:03.915
1172,380.85697174072266,223.40373516082764,641,638,2022-12-19 14:53:03.946
1173,381.36688232421875,222.99855709075928,640,638,2022-12-19 14:53:03.984
1174,381.1260223388672,222.7199649810791,641,639,2022-12-19 14:53:04.015
1175,379.1722869873047,223.7231683731079,645,644,2022-12-19 14:53:04.047
1176,375.8714294433594,225.4332733154297,647,643,2022-12-19 14:53:04.084
1177,372.61348724365234,226.65404319763184,649,647,2022-12-19 14:53:04.115
1178,369.8530960083008,227.85490036010742,652,650,2022-12-19 14:53:04.147
1179,367.5876998901367,230.213885307312,657,654,2022-12-19 14:53:04.184
1180,366.2008285522461,230.60570240020752,657,655,2022-12-19 14:53:04.216
1181,365.0176239013672,232.11230278015137,660,657,2022-12-19 14:53:04.247
1182,364.17293548583984,233.22702884674072,662,661,2022-12-19 14:53:04.284
1183,363.01998138427734,234.30497646331787,666,663,2022-12-19 14:53:04.316
1184,361.5309524536133,235.75321197509766,669,667,2022-12-19 14:53:04.347
1185,360.58135986328125,237.28664875030518,672.0,670,2022-12-19 14:53:04.384
1186,358.3390426635742,238.0623435974121,674.0,673,2022-12-19 14:53:04.416
1187,356.7353820800781,239.85228538513184,679,678,2022-12-19 14:53:04.447
1188,353.8151550292969,240.4613971710205,685.0,685,2022-12-19 14:53:04.484
1189,352.0964050292969,241.9138526916504,691,692,2022-12-19 14:53:04.515
1190,349.35401916503906,243.97390365600586,701.0,703,2022-12-19 14:53:04.547
1191,346.70223236083984,244.87770080566406,716.5,0,2022-12-19 14:53:04.584
1192,343.94412994384766,245.79574584960938,1160.0,0,2022-12-19 14:53:04.615
1193,341.22169494628906,246.3856315612793,1171,1187,2022-12-19 14:53:04.647
1194,338.4387969970703,247.23206520080566,1190.0,1194,2022-12-19 14:53:04.684
1195,336.27655029296875,247.65323638916016,1192.0,1197,2022-12-19 14:53:04.716
1196,333.8886260986328,247.8834056854248,1194,1192,2022-12-19 14:53:04.747
1197,331.3253402709961,248.0445384979248,1218,1206,2022-12-19 14:53:04.784
1198,328.1703186035156,248.28509330749512,1233,1218,2022-12-19 14:53:04.816
1199,325.53340911865234,248.75178337097168,1253.0,1241,2022-12-19 14:53:04.847
1200,323.0316162109375,248.27276229858398,1266,1256,2022-12-19 14:53:04.885
1201,321.04331970214844,249.05668258666992,1269.0,1259,2022-12-19 14:53:04.916
1202,318.6746025085449,249.59375381469727,1288.0,0,2022-12-19 14:53:04.947
1203,316.9949531555176,249.9250030517578,1401,1517,2022-12-19 14:53:04.985
1204,315.5229377746582,250.04450798034668,1385,0,2022-12-19 14:53:05.016
1205,314.2499542236328,250.4842758178711,1847.0,0,2022-12-19 14:53:05.047
1206,313.2029724121094,250.24978637695312,1872,1699,2022-12-19 14:53:05.085
1207,312.8839302062988,250.4081153869629,1887.0,1833,2022-12-19 14:53:05.116
1208,312.9109764099121,250.3048324584961,1872,1861,2022-12-19 14:53:05.148
1209,312.59912490844727,250.51660537719727,1957,1938,2022-12-19 14:53:05.185
1210,312.9596519470215,250.98604202270508,1976,1963,2022-12-19 14:53:05.217
1211,313.15528869628906,251.0632610321045,1920,1816,2022-12-19 14:53:05.248
1212,313.4464645385742,250.64746856689453,1861,1728,2022-12-19 14:53:05.285
1213,314.742374420166,249.65286254882812,1730.5,0,2022-12-19 14:53:05.317
1214,316.2888717651367,248.31759452819824,1363,0,2022-12-19 14:53:05.348
1215,318.9584541320801,246.42797470092773,1325.0,0,2022-12-19 14:53:05.386
1216,322.9302215576172,244.17451858520508,1274,0,2022-12-19 14:53:05.417
1217,325.5252456665039,242.45132446289062,1218.0,1197,2022-12-19 14:53:05.448
1218,328.9106750488281,241.18666648864746,1194,1187,2022-12-19 14:53:05.486
1219,330.11375427246094,240.0347900390625,1185.0,1178,2022-12-19 14:53:05.517
1220,330.3695297241211,239.4371509552002,1187,1169,2022-12-19 14:53:05.549
1221,329.31407928466797,239.71624374389648,1185.0,1171,2022-12-19 14:53:05.586
1222,327.8550338745117,241.2806797027588,1197.0,1185,2022-12-19 14:53:05.618
1223,326.5724563598633,242.83358573913574,1218,1199,2022-12-19 14:53:05.649
1224,325.3972625732422,244.75078582763672,1238,1221,2022-12-19 14:53:05.687
1225,324.94869232177734,247.02589988708496,1259,1261,2022-12-19 14:53:05.718
1226,324.1407775878906,248.49323272705078,1269,1269,2022-12-19 14:53:05.749
1227,323.69998931884766,249.97206687927246,1274.0,1283,2022-12-19 14:53:05.787
1228,323.7692642211914,251.58239364624023,1269,1264,2022-12-19 14:53:05.818
1229,323.43528747558594,252.4536895751953,1284.0,1296,2022-12-19 14:53:05.849
1230,323.78944396972656,253.81447792053223,1280,1264,2022-12-19 14:53:05.886
1231,323.8809585571289,254.50884819030762,1285,1283,2022-12-19 14:53:05.918
1232,325.00675201416016,256.23619079589844,1277,1274,2022-12-19 14:53:05.949
1233,327.74219512939453,258.9840602874756,1277.0,1253,2022-12-19 14:53:05.987
1234,329.64080810546875,261.28801345825195,1285.0,1274,2022-12-19 14:53:06.018
1235,332.9634475708008,264.7383499145508,1291,1277,2022-12-19 14:53:06.049
1236,335.1021194458008,267.48979568481445,1280.0,1274,2022-12-19 14:53:06.087
1237,338.5002899169922,270.77110290527344,1293,1296,2022-12-19 14:53:06.118
1238,341.9987106323242,274.5550346374512,1299.0,1325,2022-12-19 14:53:06.149
1239,345.75462341308594,278.20764541625977,1292.0,1369,2022-12-19 14:53:06.187
1240,349.0699768066406,282.137975692749,1285.0,1376,2022-12-19 14:53:06.218
1241,351.94950103759766,286.14895820617676,811.0,1319,2022-12-19 14:53:06.249
1242,354.4429016113281,290.4333972930908,797.0,0,2022-12-19 14:53:06.287
1243,357.06138610839844,294.8755359649658,794.0,0,2022-12-19 14:53:06.318
1244,359.12864685058594,299.68737602233887,789.0,801,2022-12-19 14:53:06.350
1245,360.9048080444336,304.2366027832031,787,794,2022-12-19 14:53:06.387
1246,362.6459503173828,309.18877601623535,787,795,2022-12-19 14:53:06.418
1247,363.0421447753906,314.0191841125488,785,792,2022-12-19 14:53:06.450
1248,364.11922454833984,318.7823295593262,784,787,2022-12-19 14:53:06.487
1249,364.4136047363281,323.3896064758301,785,784,2022-12-19 14:53:06.519
1250,363.7947463989258,327.4485683441162,787,784,2022-12-19 14:53:06.550
1251,363.39622497558594,331.1216640472412,789,788,2022-12-19 14:53:06.588
1252,362.93907165527344,334.40497398376465,793.0,787,2022-12-19 14:53:06.625
1253,362.5514221191406,337.1015739440918,796,787,2022-12-19 14:53:06.644
1254,362.1339797973633,339.6621322631836,797.0,791,2022-12-19 14:53:06.766
1255,361.4971923828125,343.59320640563965,810,807,2022-12-19 14:53:06.804
1256,360.5413055419922,345.4020023345947,811.0,811,2022-12-19 14:53:06.835
1257,360.45787811279297,346.4483070373535,819.0,812,2022-12-19 14:53:06.867
1258,360.0897216796875,347.27108001708984,823.0,819,2022-12-19 14:53:06.905
1259,359.87823486328125,347.64246940612793,823.0,821,2022-12-19 14:53:06.936
1260,360.24547576904297,347.7148246765137,825,0,2022-12-19 14:53:06.989
1261,360.2976608276367,347.290735244751,828.0,0,2022-12-19 14:53:07.004
1262,360.5438232421875,346.91179275512695,824.0,820,2022-12-19 14:53:07.089
1263,361.14097595214844,341.50477409362793,815.0,809,2022-12-19 14:53:07.120
1264,362.64522552490234,338.73581886291504,814.0,811,2022-12-19 14:53:07.152
1265,363.4321975708008,334.54556465148926,810,808,2022-12-19 14:53:07.189
1266,364.67193603515625,330.8251476287842,811,806,2022-12-19 14:53:07.220
1267,366.18358612060547,327.6609134674072,808.0,799,2022-12-19 14:53:07.252
1268,368.58341217041016,325.2876663208008,805,796,2022-12-19 14:53:07.289
1269,370.3736114501953,323.61273765563965,804,797,2022-12-19 14:53:07.321
1270,371.18724822998047,321.57251358032227,799,795,2022-12-19 14:53:07.352
1271,369.68639373779297,320.2569007873535,802.0,798,2022-12-19 14:53:07.390
1272,367.532958984375,320.1902103424072,806,799,2022-12-19 14:53:07.421
1273,365.3261184692383,320.64162254333496,805.0,797,2022-12-19 14:53:07.452
1274,363.2022476196289,320.88732719421387,804.0,797,2022-12-19 14:53:07.490
1275,360.68824768066406,321.945104598999,804.0,799,2022-12-19 14:53:07.521
1276,359.7819519042969,322.8343963623047,801.0,795,2022-12-19 14:53:07.553
1277,358.5483932495117,324.2124938964844,801.0,792,2022-12-19 14:53:07.590
1278,357.1842575073242,325.53966522216797,800,789,2022-12-19 14:53:07.622
1279,356.6956329345703,326.3455581665039,799,791,2022-12-19 14:53:07.653
1280,356.083984375,326.9527530670166,798,788,2022-12-19 14:53:07.691
1281,355.53356170654297,327.22838401794434,799,787,2022-12-19 14:53:07.722
1282,355.41271209716797,328.32469940185547,800,789,2022-12-19 14:53:07.753
1283,355.83301544189453,328.4096431732178,801,790,2022-12-19 14:53:07.791
1284,355.61561584472656,328.85607719421387,802.0,792,2022-12-19 14:53:07.822
1285,355.62252044677734,328.93784523010254,804,792,2022-12-19 14:53:07.853
1286,355.42381286621094,328.624849319458,805,792,2022-12-19 14:53:07.891
1287,354.8026657104492,328.9025402069092,805,795,2022-12-19 14:53:07.922
1288,354.91634368896484,328.2960319519043,807.0,794,2022-12-19 14:53:07.954
1289,354.72660064697266,328.1033992767334,807.0,794,2022-12-19 14:53:07.991
1290,354.8609924316406,327.4701404571533,805,797,2022-12-19 14:53:08.023
1291,354.58221435546875,327.1650695800781,806,798,2022-12-19 14:53:08.054
1292,354.7671890258789,326.4796257019043,807,800,2022-12-19 14:53:08.092
1293,354.4554901123047,326.03556632995605,808,800,2022-12-19 14:53:08.123
1294,354.7072219848633,324.90803718566895,810,805,2022-12-19 14:53:08.154
1295,354.0150451660156,324.4917869567871,809,801,2022-12-19 14:53:08.192
1296,354.1310119628906,323.44430923461914,810,807,2022-12-19 14:53:08.223
1297,353.8262939453125,322.4634647369385,812,811,2022-12-19 14:53:08.254
1298,354.2032241821289,321.8418502807617,811,810,2022-12-19 14:53:08.292
1299,354.2545700073242,320.3291130065918,811.0,809,2022-12-19 14:53:08.323
1300,354.3555450439453,319.01607513427734,812,808,2022-12-19 14:53:08.355
1301,354.81781005859375,317.87206649780273,814,814,2022-12-19 14:53:08.392
1302,355.34690856933594,316.39394760131836,812.0,810,2022-12-19 14:53:08.424
1303,355.80909729003906,315.1745796203613,811,811,2022-12-19 14:53:08.455
1304,356.24156951904297,313.98061752319336,813.0,812,2022-12-19 14:53:08.493
1305,356.91577911376953,313.21163177490234,813.0,812,2022-12-19 14:53:08.524
1306,357.20691680908203,312.31555938720703,812.0,811,2022-12-19 14:53:08.555
1307,358.0132293701172,311.3928508758545,811.0,811,2022-12-19 14:53:08.593
1308,358.28372955322266,310.7557010650635,811.0,812,2022-12-19 14:53:08.624
1309,358.0332946777344,309.1412544250488,811,812,2022-12-19 14:53:08.655
1310,357.7286911010742,308.36668968200684,813.0,816,2022-12-19 14:53:08.693
1311,356.96807861328125,307.2092628479004,815,820,2022-12-19 14:53:08.725
1312,356.37939453125,305.6408214569092,816.0,823,2022-12-19 14:53:08.756
1313,354.33555603027344,304.1495704650879,819,828,2022-12-19 14:53:08.793
1314,353.44600677490234,301.27095222473145,819.0,831,2022-12-19 14:53:08.825
1315,351.35353088378906,298.5689163208008,819.5,830,2022-12-19 14:53:08.856
1316,350.2364730834961,295.94226837158203,814.0,814,2022-12-19 14:53:08.887
1317,348.2782745361328,293.59448432922363,818.0,821,2022-12-19 14:53:08.925
1318,346.66439056396484,290.86907386779785,816,816,2022-12-19 14:53:08.956
1319,344.33502197265625,288.2123851776123,815,816,2022-12-19 14:53:08.988
1320,342.23297119140625,285.91904640197754,813,818,2022-12-19 14:53:09.025
1321,340.81878662109375,284.0412425994873,818.0,821,2022-12-19 14:53:09.057
1322,339.9155044555664,282.1443557739258,818,820,2022-12-19 14:53:09.094
1323,338.6118698120117,280.1861000061035,818,818,2022-12-19 14:53:09.126
1324,337.01560974121094,278.820104598999,819.0,813,2022-12-19 14:53:09.157
1325,336.56982421875,278.02499771118164,821.0,0,2022-12-19 14:53:09.195
