,X_Acceleration,Y_Acceleration,Dist_Acceleration,Movement
1,191.2434895833333,44817.35229492187,-8888.888888888887,1
2,148.53077436284102,1202.4536616642513,-264.23569824283254,1
3,11792.331271701387,6387.074788411457,26666.66666666666,1
4,22.705586222034334,185.2966372105879,-2081.1654526534858,0
5,80.27136821950941,35.23974016078445,0.0,0
6,1617.8120536487188,656.5294767680921,1385.0415512465374,1
7,236.88610037306933,7.650513962478373,0.0,0
8,1507.3988172748104,3417.205810546874,-17777.777777777774,1
9,1253.671944141388,13.802200555801392,0.0,1
10,273.82783074723784,127.523462645236,0.0,0
11,1.7064770416636739,4.054252802041439,22.981901752370003,0
12,1760.5165289046238,1841.415103590823,-2081.1654526534858,1
13,211.8428548177083,217.2470092773437,0.0,0
14,374.1212301862467,247.65435995669995,0.0,0
15,678.7106394767761,981.6884994506836,0.0,0
16,54.58073611065946,10.955842302939644,0.0,0
17,996.9472885131836,420.89223861694336,-8750.0,0
18,2457.1224134794065,17395.16550180863,-5102.04081632653,1
19,147.71327656122807,255.37801421109035,0.0,0
20,41913.276861521816,10627.16334319335,1867768.5950413218,1
21,21758.556365966797,4649.448394775391,65000.0,1
22,13478.87879263331,1245.8526526791898,66481.99445983379,1
23,2593.7499999999995,15987.854003906246,-99199.99999999999,1
24,325.52734176889567,309.0111943897965,1061.1404138447613,0
25,56478.95749935433,4790.203630431858,66115.70247933883,1
26,8363.35657538534,2543.8394060244045,-16649.323621227886,1
27,5493.536591529846,1776.4605581760406,-13671.875,1
28,1594.820260460955,344.8230068699843,-7936.5079365079355,1
29,26184.61847305298,4002.0793676376343,-140625.0,1
30,3743.633999388634,1051.4853733728467,-13850.415512465373,1
31,3642.420614919354,430.25498087522755,-20811.654526534858,1
32,4988.40141494862,2466.612626312922,-31217.481789802285,1
33,3253.753682173529,1476.5963281635231,-49967.126890203814,1
34,5858.279415769705,2330.4981942231398,-957336.1082206034,1
35,4494.673999861797,3158.3192569284106,-24973.985431841826,1
36,2489.4862293866863,3179.3018457302555,-4155.124653739612,1
37,3254.3182373047584,4825.687408447195,-17500.0,1
38,136.58521291616577,162.38091249953547,-190.24970273483942,0
39,1655.5230401681188,8960.152267789492,-18730.48907388137,1
40,1033.9774648803327,285.1496129824889,-2081.1654526534858,1
41,852.0195028457489,181.33020797264544,1385.0415512465374,0
42,10370.260470863801,7244.491180197629,22892.81997918834,1
43,80.66075312368979,112.36533307390118,-260.2321849383394,0
44,3531.432348834581,23164.11861703415,-24793.38842975206,1
45,5877.688527107239,8327.700197696686,-19531.25,1
46,6007.7710900917,7046.869220396234,-15608.740894901142,1
47,4134.825392112838,3553.8105423100437,-10387.811634349031,1
48,4939.655855716701,1192.4600750052248,-6243.496357960456,1
49,184.74090607927937,652.1703301310262,-2081.1654526534858,0
50,1505.1146953720922,328.1854856707713,1385.0415512465374,1
51,2856.378624764124,865.8092550382901,4162.3309053069715,1
52,4226.192831993103,224.187970161438,3906.25,1
53,1849.4413169797438,1204.9978789860522,2770.083102493075,1
54,2938.5884602864576,1391.6015624999998,8888.888888888887,1
55,3141.3137912749135,1369.1559433937628,1953.125,1
56,2194.084949440573,508.40615565753075,1385.0415512465374,1
57,3512.935261324466,1974.314234135178,6243.496357960456,1
58,2508.7291070499477,2486.321233933971,6243.496357960456,1
59,2062.7896211154703,880.0221282029086,5540.16620498615,1
60,3074.8603495301113,2020.2811377105552,10405.827263267429,1
61,4351.139068603516,1872.628927230835,9765.625,1
62,2439.2327920984744,1176.258697398306,4382.761139517895,1
63,4134.476184844971,1852.959394454956,21484.375,1
64,1009.5252951027574,1437.835217018405,4162.3309053069715,1
65,894.1291111658155,1366.5149086400083,6925.207756232687,1
66,831.3362262278777,803.6734304706089,-3569.3039857227836,0
67,6390.590449401664,11975.569233809994,27055.150884495313,1
68,415.1526322440124,405.5380057551713,-1271.455816910362,0
69,34410.059452056885,14304.444193840027,-109375.0,1
70,4250.787423378966,2871.8001636580543,-6243.496357960456,1
71,766.690748220084,330.99895699202517,-1385.0415512465374,0
72,1805.424690246471,1656.9346189498901,-3906.25,1
73,1119.1631082937693,515.936812798761,-2081.1654526534858,1
74,640.2532259623703,295.8377202351888,-868.0555555555555,0
75,4240.274429321733,5279.257893561873,-15625.0,1
76,14.371880416083256,90.63195436430364,-136.6026910730141,0
77,10712.44478225708,18321.052193641663,-7812.5,1
78,2145.537326943708,2676.4044193910663,-5843.681519357193,1
79,2317.7266120910645,7060.747593641392,-13671.875,1
80,6732.444485318027,5978.376882753619,-14568.158168574399,1
81,4532.938188463037,4779.810390313867,-8310.249307479224,1
82,725.3085165192507,662.590288843002,2081.1654526534858,0
83,895.8753496881174,459.4214850823336,905.3870529651426,0
84,9809.131464682097,2259.2623371723266,12396.69421487603,1
85,4808.344528404656,2741.10411009853,10405.827263267429,1
86,3257.9153776168823,1293.6629354953766,5859.375,1
87,2682.7158067590385,1176.384089200317,4382.761139517895,1
88,4246.103403843652,974.5936239919945,10405.827263267429,1
89,5792.703142275298,516.1749832836666,6243.496357960456,1
90,2795.62340842353,806.8978786468259,6944.444444444444,1
91,9534.060955047607,45185.38713455223,78125.0,1
92,164.29424285888672,434.0730607509591,-273.4375,0
93,150194.2952473958,30895.233154297122,4351111.11111111,1
94,26830.063898283035,2980.524989990547,172736.7325702393,1
95,12371.87534570694,111.25579476350956,1206054.6875,1
96,8770.422261837777,1633.1606624529302,53324.09972299169,1
97,11923.409897628726,387.4438362240667,168574.40166493235,1
98,12933.332143539325,2139.4854653763537,14568.158168574399,1
99,9659.784737972188,1148.9364378938105,39262.34384295062,1
100,1445.0597217252978,9677.283597662346,-41623.309053069715,1
101,332.715334715672,387.6095568692242,578.7037037037036,0
102,19594.04307387251,2984.1533004674206,-470489.39298466704,1
103,49250.28483072941,24561.818440755203,71111.1111111111,1
104,9485.91575728221,174.8711118407527,15235.457063711912,1
105,13185.776770114899,1203.306019306294,29296.875,1
106,10923.252641596539,1331.1348398070486,47866.80541103017,1
107,6176.982890205701,138.4148637343642,31855.95567867036,1
108,7629.632701734845,149.8092349684573,1005202.9136316335,1
109,7862.0077047834275,1061.9426493093943,29136.316337148797,1
110,3559.8733748755626,72.11996908002943,-19390.581717451525,1
111,5152.223013442155,479.37764337482105,14568.158168574399,1
112,1673.5446068548977,875.5742449169971,14568.158168574399,1
113,2407.798792170036,104.47154148560774,19723.865877712033,1
114,683.3111210245895,358.5061223150969,-22892.81997918834,0
115,2328.8310008291546,46.383701923740304,8324.661810613943,1
116,539.8959003987405,425.6266966421645,0.0,0
117,110.86836069599312,1255.1584551410106,60353.798126951086,1
118,1757.0630568744084,804.3612699478895,-60353.798126951086,1
119,343.6133471882181,481.65836492733945,15235.457063711912,0
120,569.0686784599375,447.5223410265998,-31217.481789802285,0
121,442.93701648701057,81.24858140945435,35156.25,0
122,424.4246971573793,1.8228124053194252,-4155.124653739612,0
123,465.0675667435672,1096.5964548545621,-60353.798126951086,1
124,215.10764289715075,3144.3862835648897,97814.77627471382,1
125,304.9116055390841,2482.9478805415188,-55401.662049861494,1
126,2323.3133845968773,5983.676176041395,14568.158168574399,1
127,4496.984183788355,6196.741014719009,-87890.625,1
128,2736.6754420906946,2431.393990556289,-598337.9501385042,1
129,3195.096749296734,3253.8256213518625,-6243.496357960456,1
130,1377.1811335441596,1226.8161674443936,-6243.496357960456,1
131,2013.8642794537743,1451.1568064174494,2770.083102493075,1
132,4770.27694591008,2613.0874744935286,907388.1373569197,1
133,4331.991076469366,1713.2051289081573,80078.125,1
134,2151.5262424120283,2647.833150509652,-9695.290858725763,1
135,1548.544797391167,1714.5893204100544,31217.481789802285,1
136,611.1057690353472,1119.2821935361926,-60353.798126951086,1
137,477.5020103747646,581.4520791409079,-9053.870529651425,0
138,151.6938209531471,189.5427703857422,78125.0,0
139,205.35393960692227,108.58201045113458,0.0,0
140,7763.516539681982,5631.539299877727,40166.20498614958,1
141,31158.626079559326,22424.161434173584,-62500.0,1
142,9162.418552045276,7288.671805136657,-6243.496357960456,1
143,13397.48501777649,8043.888956308365,-113281.25,1
144,8782.045993118114,6143.630706702574,-22160.6648199446,1
145,13516.651356009363,9905.510464766518,-27055.150884495313,1
146,13666.301810654648,11710.00914320613,-95733.61082206033,1
147,10949.379340673991,8594.730285243275,-84002.92184075965,1
148,11760.96498966217,10324.660688638687,-31250.0,1
149,11330.365390360847,11218.365719861715,-61394.38085327783,1
150,6659.975342473165,6439.322579930694,-23545.706371191136,1
151,8303.575783688864,8034.443135812304,-54110.30176899063,1
152,4567.633558386446,7192.212758773819,-10405.827263267429,1
153,3737.584375608661,3337.411008713318,-2770.083102493075,1
154,1197.2433322426182,7284.920620000324,0.0,1
155,2214.871346950531,8170.3998148441315,13671.875,1
156,1261.8881183317824,3759.3128278314903,36011.080332409976,1
157,227.81006875569065,6959.520195078774,-24973.985431841826,1
158,864.638250154343,5601.650718347704,4162.3309053069715,1
159,708.862685100445,3749.0892278189676,34626.038781163435,1
160,175.84920797846115,5617.846311317149,-6243.496357960456,1
161,257.6607695230021,3662.7643438333275,-41623.309053069715,1
162,270.6480158332973,2018.725112534626,24930.747922437673,1
163,1351.3396359383128,220.6054115890836,-10405.827263267429,1
164,708.2149386405945,308.3422780036926,-25390.625,0
165,1399.3915758634869,562.1791216144932,13850.415512465373,1
166,800.4909995691336,1843.1418396059603,-20811.654526534858,1
167,1468.3607341596849,4986.932696958734,-33298.64724245577,1
168,1494.574084506392,2690.0352203284606,-4847.645429362881,1
169,1545.7661417346837,5289.17104222896,9365.244536940685,1
170,2393.08923482906,4821.997135877609,-42968.75,1
171,2945.4006712851965,4750.724644541992,-24930.747922437673,1
172,4975.897464494178,8354.067926476444,-35379.812695109256,1
173,6478.991394360528,5804.095630467124,0.0,1
174,2037.9571042893006,4099.703231346574,-37396.12188365651,1
175,331.5333149063475,1680.5904836982145,8324.661810613943,1
176,1687.3397690990294,614.5157323289243,11897.679952409278,1
177,4116.904978849449,3822.8229600556037,-5102.04081632653,1
178,313.03405761718744,253.091812133789,399.99999999999994,0
179,8269.995450973067,13331.025838851929,39062.5,1
180,1463.5973244625181,812.756779538729,-4162.3309053069715,1
181,740.3689287630111,1373.2910156249995,11687.363038714386,1
182,6739.3481731414795,4490.017890930176,-132812.5,1
183,2519.843729676118,2029.5697866195692,4162.3309053069715,1
184,2540.9087538719177,1341.4956629277387,21484.375,1
185,2196.3568605544497,1394.8873799922928,-23545.706371191136,1
186,6053.499823182231,2559.0227744333697,-24973.985431841826,1
187,6603.673643177678,2450.536118585783,20811.654526534858,1
188,4066.0076194192566,2451.5241797280773,5540.16620498615,1
189,8475.773044232894,4186.79895311687,-45785.63995837668,1
190,9068.69846625829,4786.9290323088735,4162.3309053069715,1
191,4726.975248130735,3053.0126471268504,0.0,1
192,8785.79162534144,5542.822608590497,-4162.3309053069715,1
193,8310.00638677972,7547.324951679971,-4162.3309053069715,1
194,10727.880582466914,10306.713486438885,2846880.9073723997,1
195,5549.5310772470075,5840.535714648639,0.0,1
196,2563.8772006917725,1998.6492414288846,9959.257582616568,1
197,5321.345053428459,12332.191152020916,-90909.09090909088,1
198,4326.12868675208,6585.175735521266,45785.63995837668,1
199,1738.4934500905388,2452.112960297363,-4526.935264825713,1
200,5728.824079529311,5940.524014559658,-70247.9338842975,1
201,1970.0825214385986,5374.979227781296,-11718.75,1
202,1976.1790399966026,1327.9419089535454,-4725.897920604913,1
203,2724.5135346720035,6222.843138639356,-24793.38842975206,1
204,396.4936587539611,1030.0200683815306,-4526.935264825713,1
205,428.4083843231201,1148.1530964375654,76171.875,1
206,873.2819360149791,1190.0436779686618,-140495.867768595,1
207,969.195093002081,1655.7016680317538,12486.992715920913,1
208,576.8499206017995,866.8031774531584,-14486.192847442282,0
209,3305.072626791709,8119.630419518805,86776.85950413221,1
210,3695.8501936865887,6567.134321294024,22892.81997918834,1
211,1896.0202425623868,3288.894176699015,-19918.515165233137,1
212,10530.92893490121,17635.960224246188,-86776.85950413221,1
213,4085.4177167338703,8578.722236307682,-77003.12174817896,1
214,1322.900401677088,2887.8847038438794,-27161.611588954278,1
215,779.1755613216682,13686.448089347396,-57851.23966942148,1
216,2256.0950193569674,387.13163594842166,10707.911957168351,1
217,20029.025607638883,45331.06486002603,453333.33333333326,1
218,28.463719716111765,467.0740733106977,-2473.2461355529126,0
219,63816.66395399304,18229.675292968746,604444.4444444443,1
220,2142.6610718407373,1696.9647045314123,12486.992715920913,1
221,2831.891179084889,1959.4654440879822,-31250.0,1
222,2183.823623824415,930.4071709219775,39444.850255661055,1
223,4161.968827247509,1600.552350282669,-95703.125,1
224,2325.3378337182503,4067.535082829978,101977.1071800208,1
225,2645.7670224331164,3130.866107146525,-1474068.663257852,1
226,2611.3539934158325,1740.921288728714,-9765.625,1
227,3578.4321446572576,4591.2719790074625,-18730.48907388137,1
228,1628.062071232254,3990.3344870274086,-6925.207756232687,1
229,2868.525319491415,6119.314267161484,-8324.661810613943,1
230,2232.0449352264404,6967.373192310333,-9765.625,1
231,1297.8605146913196,3450.2460277690343,-2716.161158895428,1
232,9176.73110961914,29182.881116867065,0.0,1
233,59.9720205168359,122.77811885051973,0.0,0
234,26338.789999372333,39281.03383862903,-34026.46502835538,1
235,31674.533420138883,76134.23665364581,44444.44444444444,1
236,4722.08711780941,9589.041433026712,-2081.1654526534858,1
237,45.07556965178173,1017.602246950129,445.89774078478,1
238,77153.44429016113,53850.71039199829,39062.5,1
239,7045.302034415036,2244.0009500181245,5540.16620498615,1
240,3087.880336035054,945.2391117346025,8324.661810613943,1
241,31827.539205551147,3370.64266204834,54687.5,1
242,4967.85600660838,2178.598965407288,7304.601899196491,1
243,4651.9935131073,4795.1191663742065,15625.0,1
244,3564.622667100694,6808.288826430139,9182.736455463728,1
245,2935.29276945153,8985.994300063774,6530.612244897959,1
246,249.55749511718744,465.01922607421864,-199.99999999999997,0
247,12208.335101604462,4519.689828157425,48828.125,1
248,180.99417018762563,178.85686384131805,0.0,0
249,11055.76753616333,16736.313700675964,-7812.5,1
250,1124.4374959422612,2137.366424307017,0.0,1
251,1093.6707258224487,877.8087794779622,1953.125,1
252,966.3370471839229,2112.2149448613095,-2081.1654526534858,1
253,386.2513069300771,1847.8958890708861,-2770.083102493075,1
254,1348.4418950393467,1936.326041802159,-4162.3309053069715,1
255,2234.078842941109,2373.904765086417,2081.1654526534858,1
256,1006.747216729246,3449.830982493562,0.0,1
257,2598.5193798370833,3280.9770566243656,10405.827263267429,1
258,4045.881416249349,2169.7331169517424,4162.3309053069715,1
259,2207.1352295598167,818.4031436317846,4155.124653739612,1
260,3369.675714689288,87.88490890836367,-2081.1654526534858,1
261,719.3908095359802,517.7780985832214,3906.25,0
262,1629.4803995560167,6.854751843270633,1460.9203798392982,1
263,4258.565604686737,1694.7649419307709,-5859.375,1
264,3218.5962371349824,2514.8421494943414,-10405.827263267429,1
265,1779.2498305894,2156.3870754928803,-4155.124653739612,1
266,2105.903427012877,2356.9351180411027,-4162.3309053069715,1
267,3273.6361026763916,2052.001655101776,1953.125,1
268,977.0538668223035,1390.6077334755346,-1385.0415512465374,1
269,2973.7172836319583,3758.211165635568,0.0,1
270,5718.354255922378,2901.2142185365988,0.0,1
271,2221.1629598094487,2100.315780850989,0.0,1
272,3700.494518141096,5612.606560650526,0.0,1
273,6673.2194247528605,6427.923672901355,10405.827263267429,1
274,3168.998993004458,4616.193163758169,-1385.0415512465374,1
275,6606.015652945336,7436.039792635437,2081.1654526534858,1
276,6168.178911635828,7246.456086697612,2081.1654526534858,1
277,3245.6363667411883,4414.930898396923,-2770.083102493075,1
278,4332.996904850006,8173.137903213501,0.0,1
279,2688.1905673816777,6805.483434004233,4162.3309053069715,1
280,2270.5109826085704,5630.390135535282,-2770.083102493075,1
281,2377.258999414672,7084.619242244465,-10405.827263267429,1
282,2219.700813293457,4338.455200195277,3125.0,1
283,25449.2223615477,36306.889099482236,-124260.35502958577,1
284,7257.908582687378,51388.442516326904,-39062.5,1
285,11.379912878672041,493.73401723828164,602.2055779291655,0
286,20452.325033679233,12869.055581555182,16620.498614958447,1
287,5577.238243650878,12216.35959398976,29136.316337148797,1
288,3857.3518395423334,10605.286806821823,83984.375,1
289,3298.0488277868553,8044.744792737459,767313.0193905818,1
290,6784.405346095434,11984.143371264587,14568.158168574399,1
291,5172.308724330819,11879.229272689461,8324.661810613943,1
292,4071.74023234617,6775.1559524325585,4155.124653739612,1
293,4430.566444357218,7305.284196454582,-22892.81997918834,1
294,3927.312209876652,5796.236004467188,16649.323621227886,1
295,2386.986053551294,2762.709958401413,15235.457063711912,1
296,3335.02190914412,1443.9085643819913,-39542.143600416224,1
297,3277.2868871689398,2328.883856534958,37109.375,1
298,576.4578187894559,1713.7606718533589,-40166.20498614958,1
299,108.28818044354837,2020.8765639227897,-64516.12903225805,1
300,1699.5051897031676,167.85064919569905,49947.97086368365,1
301,237.65246953990652,195.15980643909063,19390.581717451525,0
302,1267.0272843025875,1481.3608731239872,22892.81997918834,1
303,439.1744732857306,2080.947160720936,0.0,1
304,1791.9038471423091,1623.9277213563423,9695.290858725763,1
305,1806.126176752613,4674.929361809918,-8324.661810613943,1
306,3256.3462589832734,4459.265987781282,8324.661810613943,1
307,2272.466073923331,3188.131358731663,0.0,1
308,1404.1476779514517,2026.6850789388016,4444.444444444443,1
309,2549.7376918792725,124.38744306564331,3906.25,1
310,2268.3183242079294,1382.801341217971,-11080.3324099723,1
311,1884.6430465904652,3566.4839253342425,31217.481789802285,1
312,1889.4064562873366,3034.768317914163,-8324.661810613943,1
313,26.88831753203422,411.71908378601074,-2604.1666666666665,0
314,2771.6742621527774,3370.920817057291,62222.22222222221,1
315,244.2300319671631,5880.855023860931,-42968.75,1
316,46.85484332802152,782.8394571940103,4444.444444444443,0
317,1234.704437678501,8845.712339448797,5540.16620498615,1
318,732.4536310646461,10942.385670545817,-8324.661810613943,1
319,891.9484657502541,10689.865413987181,0.0,1
320,905.4622491640664,7247.422870836839,15235.457063711912,1
321,1748.3276728341425,14996.500410271816,-53254.437869822475,1
322,881.6674398209279,10872.482633243364,-14568.158168574399,1
323,137.81255910133112,1035.1678068080205,-3915.9843360626546,1
324,7793.407008280448,17107.37073743661,-856099.3425858289,1
325,3440.2683377266485,17093.857750296647,-13671.875,1
326,2919.255632763722,17439.52764060563,-12486.992715920913,1
327,1764.4295732070204,9809.980101862811,-1385.0415512465374,1
328,2917.5884393697966,12599.040020516955,12486.992715920913,1
329,3274.089960104161,12214.51377273226,1311134.235171696,1
330,1674.0814800738756,8010.150983393028,-9695.290858725763,1
331,4403.097448438194,9382.190366937455,0.0,1
332,3660.8788274950184,9736.945304116456,-45785.63995837668,1
333,2805.8366432084667,5830.0673466309945,-1120498.6149584488,1
334,2508.649716888273,7191.111220281403,-16649.323621227886,1
335,3085.5834484100897,3207.1955502033234,-1953.125,1
336,661.0098505123387,1748.4632872420557,-5843.681519357193,1
337,1910.142600536513,75.66064596176147,0.0,1
338,528.9766468442259,526.356771510796,4162.3309053069715,0
339,560.6072761345832,763.2828815491906,4155.124653739612,0
340,747.6568470140152,254.4553917478944,0.0,0
341,366.901631906114,1076.3519636426083,8324.661810613943,1
342,1179.967230376814,569.2127999176279,-4155.124653739612,1
343,1564.2640493910963,526.9224264123064,12486.992715920913,1
344,2202.6896476745605,1154.3557047843933,-15625.0,1
345,1836.2654134946808,2382.109860071219,1221329.4375456534,1
346,4158.131778240204,3523.8638520240784,-5859.375,1
347,1286.2793984943476,2837.11658680234,-1731529.6566077,1
348,1238.0330516361198,1232.6768890972219,4155.124653739612,1
349,626.5074603887551,556.7830509499381,2081.1654526534858,0
350,2120.3524364268987,2416.477739252731,-15608.740894901142,1
351,2568.74806923121,1917.5701161204959,3121.748178980228,1
352,578.967488043196,1752.5152486447153,11080.3324099723,1
353,1654.173407420596,3403.0394301082038,1702393.3402705512,1
354,1866.072416305542,3467.313945293371,-5859.375,1
355,2671.402679733111,1962.569789175962,32140.248356464563,1
356,2886.913716793116,1565.8792108297903,-64453.125,1
357,7381.895702413663,2745.004151787832,52029.13631633714,1
358,4880.699094312634,2452.09876189928,5540.16620498615,1
359,8377.011683183266,2968.4378378845863,-14568.158168574399,1
360,9363.156575690138,4483.32120675072,-16649.323621227886,1
361,8420.17810430557,2781.413598734295,-13850.415512465373,1
362,12150.346674606528,4334.52419634292,-43704.4745057232,1
363,11908.166986598431,5562.114417863065,-14568.158168574399,1
364,8206.803382598793,4127.956823629025,-27700.831024930747,1
365,13481.304049491882,7638.595998287201,5859.375,1
366,11996.766406961335,7440.386403983827,-66597.29448491154,1
367,10055.610677872299,4368.4293688829985,-103878.11634349031,1
368,12346.599154120115,5277.441145850269,-101977.1071800208,1
369,9979.144839664898,3997.185475868439,10405.827263267429,1
370,8429.239331189945,349.46483918504373,-13850.415512465373,1
371,8405.234885637517,6209.015226016802,0.0,1
372,15300.512313842773,7669.627666473389,2753472.222222222,1
373,5199.305216471353,13074.17551676432,0.0,1
374,169.0783437573842,317.89696734884507,1058.601134215501,0
375,15788.264572620392,12420.779094099998,-25390.625,1
376,3306.553954186366,3816.8846559489693,0.0,1
377,6393.49222183272,13634.562492370605,23437.5,1
378,390.19051478857796,1084.8315175489731,-9053.870529651425,1
379,307.16053529038754,1599.1361778806474,-29136.316337148797,1
380,185.60985448948233,434.2454292106763,-36011.080332409976,0
381,568.6320325710522,1296.7787473681162,83246.61810613943,1
382,740.5117324686198,338.827286004772,41623.309053069715,0
383,744.1904684546312,2628.193009778439,-128544.42344045364,1
384,117.98103992191037,1506.7967854781125,6337.709370755998,1
385,1635.8342800874736,3729.809335317621,0.0,1
386,4621.300815550748,8752.543078966375,-28925.61983471074,1
387,1774.9998784270315,2360.0784239589816,0.0,1
388,4393.094288074759,5004.348913663194,0.0,1
389,2297.5889929774066,3904.8802489388618,9695.290858725763,1
390,1800.0131343083374,2010.9627174909945,-29136.316337148797,1
391,4.76340969693028,1323.9897252617714,-12486.992715920913,1
392,8177.585998419775,374.9616655373895,128544.42344045364,1
393,1519.4429567044979,891.4330956615885,0.0,1
394,2942.122519016266,2932.716161012594,-27343.75,1
395,6911.064967636233,6402.248193409933,-82644.62809917354,1
396,2851.390838623047,3113.3472919464466,50000.0,1
397,167.5548048683291,67.23366446740366,0.0,0
398,4849.209349571503,6944.162363490861,-8310.249307479224,1
399,1659.691333770752,29118.508100509644,-218750.0,1
400,1471.2184047879248,1738.436506015366,-5671.077504725896,1
401,272.6539969444275,3843.046724796295,39062.5,1
402,2335.519839412892,1551.096590876666,0.0,1
403,1235.1945042610168,2192.9852664471227,13671.875,1
404,512.7413587937369,1309.937666655768,27055.150884495313,1
405,3315.3187144886356,3732.216259664622,-111570.24793388427,1
406,247.39408341939225,217.95063010166956,-23540.063377093706,0
407,765.6784137007348,716.4168184183142,83246.61810613943,0
408,189.58107960922726,1409.3106996359577,26465.028355387516,1
409,1115.3523805362252,44.359252802663235,0.0,1
410,543.7972697805851,1041.2103075309813,-6337.709370755998,1
411,4502.288566147985,213.6309284810381,-28925.61983471074,1
412,739.2838597297668,3024.9170958995264,13671.875,1
413,913.4000551047079,1661.5296131271039,6616.257088846879,1
414,9005.786340493558,8842.778341080711,22684.310018903583,1
415,3655.123040777835,6407.143298098437,-56191.46722164411,1
416,2094.957827442423,3423.410176475347,6337.709370755998,1
417,10458.26052831224,16396.7944373768,57851.23966942148,1
418,4149.485577157582,3609.920267508007,-14568.158168574399,1
419,210.83584842017032,1220.836958878717,18107.74105930285,1
420,7496.925743405893,759.2797955403028,-26465.028355387516,1
421,5571.601542175999,320.42861605037876,-56191.46722164411,1
422,520.5215946321747,3462.5820513198323,29136.316337148797,1
423,3059.022644550186,3537.08821980907,0.0,1
424,2114.993600517852,2659.858203455263,27055.150884495313,1
425,52.462880457078995,2290.3466559255107,-36215.4821186057,1
426,1529.7408931511488,6553.279466865358,82644.62809917354,1
427,79.39016161550467,3396.430199153713,0.0,1
428,1037.1866567256818,1949.1220718598695,18107.74105930285,1
429,1750.1105946942791,6713.946003558971,-82644.62809917354,1
430,2479.55322265625,4031.248390674591,39062.5,1
431,4480.701331417468,2565.5129201454374,-70759.62539021851,1
432,3309.1442076453213,3392.8086552923737,38781.16343490305,1
433,7464.06451968571,6473.77149123425,-58272.632674297594,1
434,4301.108419895172,6193.164736032597,13671.875,1
435,3573.6384924699814,4698.263632284586,-18991.964937910878,1
436,5574.151873588562,5475.841462612152,-64453.125,1
437,7165.438426768989,8301.670419810092,0.0,1
438,5456.760649535795,6694.199305822314,-159279.7783933518,1
439,10940.837562394314,9901.104310796856,-1175858.4807492194,1
440,6370.246410369984,8330.103009939194,-5859.375,1
441,4849.486145509868,6080.039493179041,-27757.48721694667,1
442,6744.116544723622,8980.706334114075,33203.125,1
443,5476.333348237394,8713.705358594561,-12486.992715920913,1
444,3090.0104554406166,5435.190702739515,0.0,1
445,5116.457745634548,8953.721664698636,-1065556.7117585847,1
446,2116.6354417799794,8133.240044116974,-13671.875,1
447,2899.950137531957,6077.907832544853,-2921.8407596785964,1
448,3077.162664216961,8964.08208078946,-8324.661810613943,1
449,3138.6106493073617,8864.884073850886,-4162.3309053069715,1
450,2101.0680389906647,5857.290836010694,0.0,1
451,1377.8162548369653,7669.03006943654,6243.496357960456,1
452,3267.302101286213,8727.042905745966,-4162.3309053069715,1
453,1266.8282041258303,5376.424815846282,2770.083102493075,1
454,1397.5050149177287,8226.289461356171,4162.3309053069715,1
455,1799.8543539851064,6993.042690820921,10405.827263267429,1
456,1450.6944989233466,4418.2991387111,5540.16620498615,1
457,1794.3764328336365,6366.416145189743,18730.48907388137,1
458,862.2556924819946,5139.447748661041,17578.125,1
459,285.1130929282322,4771.283458322394,1335281.2271731186,1
460,372.97606468200684,3892.9469883441925,29296.875,1
461,975.0699649616283,5442.31466398515,70759.62539021851,1
462,224.28517856756406,1866.3617712639832,-13850.415512465373,1
463,183.3912733318158,4139.28394138999,0.0,1
464,1590.5024978051388,2495.193084494504,85327.78355879291,1
465,305.3871218188114,1937.015565148351,-13850.415512465373,1
466,766.2177085876465,833.8317275047302,9765.625,0
467,705.4609761154928,978.166181264633,0.0,0
468,468.79815045205515,1156.7811708192564,0.0,1
469,805.8547973632812,1732.8187823295593,-60546.875,1
470,986.2639777494145,1591.6338076080415,0.0,1
471,181.54154854137812,1895.3682643224658,6925.207756232687,1
472,2064.9381036192763,2345.205221662412,-10405.827263267429,1
473,3111.61799435809,4217.403860419647,-101977.1071800208,1
474,2924.9534712603877,3168.444224011535,-19390.581717451525,1
475,5318.149924278259,3454.6293318271637,-1708984.375,1
476,3471.89054776925,2743.6644428106297,-16649.323621227886,1
477,752.1610841197117,2834.5921693416185,-6925.207756232687,1
478,2771.351761674155,1284.3343395348268,6243.496357960456,1
479,3251.027118154916,1048.545559536778,12486.992715920913,1
480,3362.534118821416,163.6568529123745,2770.083102493075,1
481,6760.507822036743,2274.9044001102448,3906.25,1
482,3759.5211033022238,2921.339624506129,1831425.5983350673,1
483,3228.755538813625,1418.9405784712603,59556.78670360111,1
484,2147.4244815377856,855.2702110838318,-39542.143600416224,1
485,2096.773558427094,846.4579031446291,0.0,1
486,52.148285334790515,2147.5107716060284,69252.07756232687,1
487,1216.4160562727625,358.863378042485,-33298.64724245577,1
488,1020.8040475845337,1181.5130710601807,70312.5,1
489,41.58125689815616,104.73246059259219,-56786.703601108034,0
490,147.9038710896852,1053.4280544761314,43704.4745057232,1
491,602.1743758536029,153.20316437752012,0.0,0
492,2856.3206215644477,1726.9562486136058,6925.207756232687,1
493,2800.7261214717737,3863.3634346953036,-10405.827263267429,1
494,2250.5968809127808,5222.205072641373,39062.5,1
495,1903.3918248379287,3163.5933674714083,-52593.13367421474,1
496,3355.2199602127075,5017.854273319244,-1837890.625,1
497,4386.465209579982,7381.081953257104,-10405.827263267429,1
498,3515.0691743041543,4272.39489357235,-2770.083102493075,1
499,4363.0451119032905,7542.918797710192,-2081.1654526534858,1
500,7153.898477554321,7721.632719039917,3906.25,1
501,3242.9681920608987,5571.703501355285,4155.124653739612,1
502,8520.310924899191,7274.91745963677,-4162.3309053069715,1
503,6667.662113439776,7219.72144977359,8324.661810613943,1
504,4373.138300930033,5194.302080740889,1385.0415512465374,1
505,8664.007117423256,8083.744426175532,4162.3309053069715,1
506,6036.669108919744,8174.7255513869,6243.496357960456,1
507,5424.293854140985,5282.001382500463,5259.697567389875,1
508,4444.9360636096835,7123.976914865292,8324.661810613943,1
509,7489.072420594594,9873.357449312238,-2081.1654526534858,1
510,4098.05213315335,7289.90232515203,2770.083102493075,1
511,8809.370503341244,12781.002270939693,18730.48907388137,1
512,5239.4331059768465,11856.305363523103,27055.150884495313,1
513,5398.37781742339,8467.28063356175,174515.2354570637,1
514,3844.746441796468,10715.468741108418,434963.5796045785,1
515,7335.43187379837,10683.629661798477,214843.75,1
516,6266.608562149035,8227.24871081623,16070.124178232281,1
517,7255.561649799347,10960.40010452265,5859.375,1
518,5455.311433768566,7590.850194295246,-21604.938271604933,1
519,7193.489179795005,8037.451541785089,34894.39853076216,1
520,828.4455211040964,612.951181336026,680.5293005671077,0
521,58009.02843475342,55267.028510570526,261718.75,1
522,18518.310927947772,11219.794742770793,158168.5744016649,1
523,7697.84245794826,8184.962655698824,-23545.706371191136,1
524,9502.406919163852,11057.273158173653,56191.46722164411,1
525,8548.295956868598,10616.836389071237,-20811.654526534858,1
526,7160.495253944848,6014.524832279724,13149.243918474687,1
527,8895.945474582833,7411.865488423457,0.0,1
528,7903.131808500318,5888.050726375578,14568.158168574399,1
529,5466.4294805553545,3717.90328514539,13850.415512465373,1
530,5301.516212360111,4619.257010976987,-1617065.5567117583,1
531,6403.438746929169,3053.750842809677,-7812.5,1
532,3055.6676130215546,2176.0021220283825,-8310.249307479224,1
533,1467.8843931898145,2806.1841950827807,-4162.3309053069715,1
534,3334.902823901756,1583.3276119490192,2081.1654526534858,1
535,775.1179533982605,1145.261146355243,2770.083102493075,1
536,867.6153812149836,2150.560392921539,-10405.827263267429,1
537,1011.510049143145,1962.91182217321,-6243.496357960456,1
538,876.0330749680397,1804.6635339795057,0.0,1
539,2245.1537704864722,2237.46284857997,-2081.1654526534858,1
540,3057.643771171681,3850.003704428673,-15625.0,1
541,2113.5906103244715,1255.600736411985,-2770.083102493075,1
542,3833.790599493469,4644.890109408534,-8324.661810613943,1
543,1474.3943864424632,4129.489180200678,-8324.661810613943,1
544,2400.1684215259556,2388.8947230627005,-2770.083102493075,1
545,2906.9104626326293,2128.8571074899596,-4162.3309053069715,1
546,898.6517786978566,829.8922330141068,-1953.125,0
547,890.7212444950796,581.7545417933583,0.0,0
548,1958.0392510040585,3574.5221791976937,6243.496357960456,1
549,2886.26902061248,4114.633296208376,6243.496357960456,1
550,1456.532782134587,1864.7767169984095,4155.124653739612,1
551,1711.929749995935,3158.7955978981036,4162.3309053069715,1
552,1738.8430147835911,5428.5007758641705,4162.3309053069715,1
553,1402.8605624768861,3002.305943114753,6574.621959237344,1
554,20.998697747300984,4504.667236455149,10405.827263267429,1
555,239.12316678590005,5085.207793268585,27055.150884495313,1
556,484.4190011064495,2760.2333111114986,1102493.0747922438,1
557,2492.0571731106916,3665.4735330985745,14568.158168574399,1
558,2860.546608249175,2462.7125846235017,6243.496357960456,1
559,3982.897940765167,710.8572117179384,-13850.415512465373,1
560,9595.174323011392,3371.6604687296754,-22892.81997918834,1
561,10128.993769714163,4900.774524065507,-10405.827263267429,1
562,22598.613392223007,10518.515405576089,8264.462809917353,1
563,11575.967073440497,6035.417318344116,-60546.875,1
564,7773.779741081738,2876.855925936779,-2835.538752362948,1
565,24450.406685668706,12875.252274799883,-238185.25519848763,1
566,16611.676806589814,6427.566417174145,-108220.60353798125,1
567,6402.284648959158,2541.906858472682,15391.579900407423,1
568,38005.182565736366,14151.423430639847,-206611.57024793385,1
569,17419.70987151242,10000.689344773247,16649.323621227886,1
570,11649.63292529754,9436.493237482578,1600416.2330905304,1
571,9850.92733705473,7507.233078129734,8310.249307479224,1
572,18420.85950456474,9889.28510048629,-97814.77627471382,1
573,10556.355118751526,10590.311139822063,39062.5,1
574,11903.527359443477,6927.374595268658,-131482.83418553683,1
575,11136.531829833984,9472.77992963802,-93750.0,1
576,15184.837126955155,12188.731817747564,-1257023.9334027052,1
577,10039.424965902343,9095.75412881217,-30679.327976625264,1
578,12982.338666916005,11603.571474552044,9765.625,1
579,10480.057064377806,12027.192686400476,16649.323621227886,1
580,6806.751367458016,7837.61782659388,0.0,1
581,7163.850623536679,12214.454230111047,-12486.992715920913,1
582,5249.828100204468,10013.692080974579,-58593.75,1
583,2717.0452956651743,8004.5946677119455,-84733.3820306793,1
584,4810.169339179993,8669.84948515892,-803710.9375,1
585,823.5935365992455,8167.997235189986,-19771.071800208112,1
586,2835.2479676942557,6564.720605219079,-20452.885317750177,1
587,531.5989255905151,7693.91655921936,-7812.5,1
588,1354.0785965140476,5744.493466634283,0.0,1
589,144.66261929752423,2599.0134791323226,-1385.0415512465374,1
590,321.1332037347164,2993.207568308683,2081.1654526534858,1
591,827.4836545184052,180.23551440759948,-4162.3309053069715,0
592,1724.5918760009877,38.04130237188366,5540.16620498615,1
593,470.7042682183272,1884.4644187268304,-2081.1654526534858,1
594,858.4458175485703,2655.124565068938,2081.1654526534858,1
595,244.94371916118422,3145.4609371618553,1385.0415512465374,1
596,3769.1273128576995,5303.46127131975,4162.3309053069715,1
597,1554.7871589660645,7827.188819646835,5859.375,1
598,2659.4765261196576,5526.6854709042855,-5843.681519357193,1
599,2960.4591266420507,6617.388293596757,-24973.985431841826,1
600,2415.9997701646007,6393.659859895706,-11718.75,1
601,334.93543559395533,2610.0721561273876,-8765.52227903579,1
602,1494.5119619370619,1970.1384007929646,1953.125,1
603,1099.5537383746214,474.0783500869861,12486.992715920913,1
604,2782.9177889883117,704.9109136387758,8765.52227903579,1
605,3591.9249057769775,3854.278475046158,17578.125,1
606,5669.8865622561125,4014.95894830011,29136.316337148797,1
607,2813.6248480585728,3519.9986660541445,8035.062089116141,1
608,5922.615528106689,4526.227712631226,8789.0625,1
609,3629.5594087376426,6260.668449917891,-14568.158168574399,1
610,2026.1643314291905,3662.360158604021,-2921.8407596785964,1
611,2996.399998664967,2915.4494404792786,-5859.375,1
612,1215.9397153029513,4362.3901430699625,-4162.3309053069715,1
613,908.5002698396381,366.97968881876517,-1385.0415512465374,0
614,224.6741573718782,402.38903414818543,-2081.1654526534858,0
615,414.01969282497515,1030.1468895823848,-4162.3309053069715,1
616,1614.5362748332834,1134.2648323883311,-1385.0415512465374,1
617,1294.3893671035767,2063.792198896408,-5859.375,1
618,457.93321397569434,4230.499267578124,6666.666666666665,1
619,1222.1296738389456,1321.2616093601216,-1385.0415512465374,1
620,976.9753288404005,4161.791052207986,8324.661810613943,1
621,762.7806728017689,2765.040243825604,2081.1654526534858,1
622,1290.9210289614352,2718.01142811445,9695.290858725763,1
623,442.1238100367455,4037.049260769506,813735.6919875129,1
624,382.78216201830577,1085.7899408094886,22634.676324128566,1
625,291.77705118478815,6383.746123510942,-95041.32231404957,1
626,61.46728992462158,2716.5748178958893,111328.125,1
627,1.7465835555411027,2728.897872750146,18730.48907388137,1
628,764.7228031980458,2331.994936534054,2921.8407596785964,1
629,1481.2499284744263,1054.946333170048,-9765.625,1
630,1254.3645535249739,2934.6176290363223,47866.80541103017,1
631,583.7127707838749,475.52751049323166,33601.16873630386,0
632,506.11793994903564,631.2131881713867,-44921.875,0
633,298.5863978359131,808.3506255690686,47866.80541103017,0
634,964.452685411617,832.7875110911531,-4155.124653739612,0
635,528.6590861976456,1409.969270291363,6243.496357960456,1
636,585.8200025608089,900.0462622349764,10405.827263267429,0
637,555.3501794873182,404.1095849879891,-22160.6648199446,0
638,1310.4933977871356,1933.7657090900589,37460.97814776274,1
639,1459.4197273254395,4331.991076469421,-29296.875,1
640,1411.3543937465756,3708.3789499420755,2921.8407596785964,1
641,3917.291760444641,5407.10985660553,-13671.875,1
642,3684.7355710605366,6907.658572003445,-68678.45993756503,1
643,4018.2220927112926,4467.751702920983,-742147.5529583636,1
644,4590.824246406555,6264.8579478263855,-15625.0,1
645,4301.200176004812,3832.0440159379873,-16649.323621227886,1
646,1923.0935051830852,3661.9508695734507,-5540.16620498615,1
647,2269.685330425781,2442.3787794797895,-4162.3309053069715,1
648,1497.2984480685363,4501.064907871845,-2081.1654526534858,1
649,2305.9369454423477,1103.7921641341868,2770.083102493075,1
650,3213.713742195629,1132.4411128239624,4162.3309053069715,1
651,2930.608425874739,3124.558590701299,8324.661810613943,1
652,3546.347578476592,2677.156654421391,11080.3324099723,1
653,4394.007274933455,4781.510653778615,20811.654526534858,1
654,4331.544041633606,5861.520767211914,949218.75,1
655,3542.234812277437,4473.645117615502,54054.05405405404,1
656,5247.372122138278,7328.327190863602,72840.790842872,1
657,3455.3557634354747,7343.105971813202,27343.75,1
658,2799.7481553026005,3391.513866260157,11687.363038714386,1
659,2880.8414936066783,4750.080406665913,5859.375,1
660,1973.5600275998306,4431.459583675333,10405.827263267429,1
661,1022.2014958178238,2635.588606308702,-6925.207756232687,1
662,1664.097177622475,4594.48728055289,0.0,1
663,138.65530490864143,5157.608538866043,-1001953.125,1
664,1004.1375505044738,4243.509363657892,-16070.124178232281,1
665,613.3683886413891,7432.884033711221,-10405.827263267429,1
666,43.66458888852757,6805.602519246714,-10405.827263267429,1
667,119.77726732925035,4825.697711299991,5540.16620498615,1
668,1390.9950216652574,7206.324360001093,-6243.496357960456,1
669,1651.4211893081665,6844.382733106391,1953.125,1
670,1077.9236597767529,4940.9803637107625,1460.9203798392982,1
671,991.523265838623,6505.977362394333,0.0,1
672,1199.982292818353,6966.724852245381,4162.3309053069715,1
673,611.0203187774752,2990.845261567521,2921.8407596785964,1
674,2216.9947624205433,2826.433628797531,-3906.25,1
675,2620.986795574271,2226.0008939967315,-2081.1654526534858,1
676,1519.5257216147731,607.7322670802134,-2921.8407596785964,1
677,188.07529286713057,511.94745717758184,0.0,0
678,1051.0534048080444,1084.2829942703247,-3906.25,1
679,246.6872788532289,1911.5754441871538,1385.0415512465374,1
680,120.5142653323361,2290.9023511174064,0.0,1
681,1217.5275185353796,3215.658801155209,-4162.3309053069715,1
682,387.7042733401143,1074.2309020827022,2770.083102493075,1
683,1589.311645380788,3718.3176094237765,2081.1654526534858,1
684,739.9163062565035,3307.5926083059635,4162.3309053069715,1
685,890.3375239682247,3191.4303475178613,4382.761139517895,1
686,214.8747444152832,3566.611558198929,1953.125,1
687,1633.9357234229722,2996.4486429513972,1033.0578512396692,1
688,1196.4797973632812,8035.004138946533,1250.0,1
689,182.25013178525083,1757.804580213289,1107.266435986159,1
690,28676.092624664307,49393.32604408264,15625.0,1
691,6081.445160070889,8711.919079958212,0.0,1
692,2134.0075442247653,6002.313016480634,-6243.496357960456,1
693,1372.3399830657818,1921.9179232695096,-7617.728531855956,1
694,754.3653156706437,975.0104223404168,-1040.5827263267429,0
695,814.384277851847,181.36682421062042,8324.661810613943,0
696,369.3018064841802,741.8900378109423,711.9971520113918,0
697,462.457537651062,3435.9097480773926,-3906.25,1
698,1403.1063996587377,4322.798779796211,-4382.761139517895,1
699,9423.19631576538,20472.18382358551,46875.0,1
700,1666.875833279136,7003.938990502649,-8324.661810613943,1
701,2661.078827190101,6448.108621492097,0.0,1
702,1841.6217159366345,4664.7750769955965,-4155.124653739612,1
703,737.8521620545004,6130.984620918964,0.0,1
704,1630.2615404129028,6401.2594521045685,1953.125,1
705,1483.2409465081805,1781.4028626333643,1385.0415512465374,1
706,981.1036172444067,4396.567607645437,-2081.1654526534858,1
707,396.79202775429235,1313.8674796557946,-6243.496357960456,1
708,213.40113927783068,2414.315030845579,-1385.0415512465374,1
709,531.2789615309573,1140.0030257178394,2081.1654526534858,1
710,905.0478424167533,6337.895229629373,2081.1654526534858,1
711,275.00691506340894,2969.1236501255194,0.0,1
712,226.1825704425728,5420.522064621812,8324.661810613943,1
713,172.92797565460205,6508.156657218933,13671.875,1
714,22.877616565313367,2875.4865693913935,6925.207756232687,1
715,629.722761934183,7842.775438132071,1927159.2091571277,1
716,1171.8781756064645,5790.936711179354,10405.827263267429,1
717,240.45273207561462,3646.179579631774,40166.20498614958,1
718,485.4708382788111,6893.725598640043,54110.30176899063,1
719,1958.8321447373548,6541.907787322887,70312.5,1
720,141.65101619300472,3791.3705503511296,-6925.207756232687,1
721,623.2127686817116,3883.548383286046,-33298.64724245577,1
722,96.37965620122267,4847.067079732618,56191.46722164411,1
723,226.92693567672265,84.04750242788046,-15235.457063711912,0
724,315.65528258324656,3438.1695766229464,33298.64724245577,1
725,840.1274681091309,1677.3864626885572,21484.375,1
726,318.6066364876277,662.8210654304006,-46749.45215485754,0
727,744.8345422744751,747.6657629013062,-21484.375,0
728,612.9794650607638,2205.5308024088536,-22222.22222222222,1
729,505.4738052664041,941.5222337041205,0.0,0
730,834.5493789021851,1863.088617711856,64516.12903225805,1
731,1578.8321440475413,5015.33452727668,-10405.827263267429,1
732,871.5868466469428,1712.0993348973743,-6574.621959237344,1
733,1747.2980669956423,6177.666035948881,-97814.77627471382,1
734,3224.748974660184,7213.648102410005,20811.654526534858,1
735,3568.7496787623354,3762.1659255093814,-67867.03601108033,1
736,5418.29914009646,7033.888928972098,-49947.97086368365,1
737,6682.190513015531,6575.76800136971,-1812695.1092611859,1
738,1824.3446244427373,4212.955358616282,-26315.78947368421,1
739,3405.8379333051503,4784.904583187678,-10405.827263267429,1
740,227.6897430419922,1741.0330474376678,1953.125,1
741,56.11092099852839,2035.0511714692261,1385.0415512465374,1
742,597.0140153484768,1189.5424865659143,-7284.079084287199,1
743,2962.126320036213,2436.5436026010498,1040.5827263267429,1
744,896.5595277062414,1057.587832295003,-1385.0415512465374,1
745,768.6555447613163,2827.8577092038727,6243.496357960456,1
746,627.0408630371094,3707.9863250255585,5859.375,1
747,1515.2590426711824,2835.1073119779044,4155.124653739612,1
748,1206.9686270405175,4554.593724341099,8324.661810613943,1
749,1277.705261039932,2820.533966794842,1775234.1311134233,1
750,722.7847450657108,2346.11807107265,12465.373961218836,1
751,1800.6482556013798,2224.512328466441,45785.63995837668,1
752,855.3496012454473,3127.59526438321,10405.827263267429,1
753,414.12184443170014,224.80032120385,0.0,0
754,796.9886064529419,925.4738688468933,9765.625,0
755,2991.897630641909,24.35293207555606,0.0,1
756,256.5237620697132,1380.3547538049552,7304.601899196491,1
757,1174.73304271698,1406.5392315387726,7812.5,1
758,2596.614015958311,2211.651122284729,0.0,1
759,2225.620891161431,3154.857738597972,-5843.681519357193,1
760,3847.0327854156494,6504.077464342117,-1775390.625,1
761,3453.2338597896064,6721.34971023226,-14568.158168574399,1
762,2553.68092713924,4215.848082650731,-2770.083102493075,1
763,6069.695416151794,7131.181572031899,-8324.661810613943,1
764,5030.7957612513,8898.704282699091,-2081.1654526534858,1
765,4957.627061331371,5410.820493407527,0.0,1
766,5182.589750260145,7656.347491118463,8324.661810613943,1
767,5669.6683168411255,8479.692041873932,1953.125,1
768,4023.739331999862,5202.464068171052,0.0,1
769,6370.822299159403,7378.640705787428,4162.3309053069715,1
770,4125.460982322693,5984.008312225342,3906.25,1
771,3264.2551196413056,3083.091830580315,1460.9203798392982,1
772,4530.251026153675,3694.5752799510956,9765.625,1
773,3614.3164977074657,3391.1904484870897,-2081.1654526534858,1
774,1932.4717429205982,2154.0887468078336,5540.16620498615,1
775,1595.6628583100285,2926.3412046880244,2081.1654526534858,1
776,726.7772345091375,1940.7917383929127,-4162.3309053069715,1
777,1351.734277614266,457.16927652551806,-1385.0415512465374,1
778,235.90786524047212,340.3456228456685,4162.3309053069715,0
779,552.7213215827942,999.5140135288239,-1953.125,0
780,755.3840277928065,309.24408719810424,-1385.0415512465374,0
781,380.43765446149837,1419.3770044428002,10405.827263267429,1
782,21.197173151339747,663.0070871914834,-12486.992715920913,0
783,900.2315700879718,463.2717354475957,5540.16620498615,0
784,177.83396201873046,1672.7308576982796,-2081.1654526534858,1
785,1401.1966574328496,439.960428132723,0.0,1
786,1741.468240209977,1257.4957672660873,0.0,1
787,1145.9175927581944,109.91567875666621,2081.1654526534858,1
788,3490.983881637779,2398.257697161973,8324.661810613943,1
789,828.8248754274152,996.4443640035275,-1385.0415512465374,0
790,2253.6882128600205,2057.8525316950927,8324.661810613943,1
791,2987.5311717531745,4029.9041462242285,-12486.992715920913,1
792,2847.048054111301,2749.7917661376277,2770.083102493075,1
793,4513.886418972749,5484.4112971818895,6243.496357960456,1
794,7280.67010641098,4081.316292285919,1953.125,1
795,2329.686341853683,3619.3525361882685,1385.0415512465374,1
796,5889.63852960783,5431.77562003081,6243.496357960456,1
797,7544.6852288062555,7166.430803789183,33298.64724245577,1
798,5241.827291134652,2822.387251497306,5540.16620498615,1
799,3980.1066673509035,6566.538895082026,62434.96357960457,1
800,5848.18422794342,3911.1077785491943,-29296.875,1
801,3310.463017281929,2967.8223844349463,2263.4676324128563,1
802,28384.029865264893,23055.151104927063,3378906.25,1
803,10657.891026396774,5779.206814800663,-95733.61082206033,1
804,293.8800966584666,39.91637469957182,3127.2608462274493,0
805,25068.970921626093,22.0611452759267,-294766.8209327162,1
806,10267.370821409928,6637.513699566287,22892.81997918834,1
807,9737.79708147049,1129.48939204216,41992.1875,1
808,19983.102467434343,1598.0350084541253,138429.75206611567,1
809,4207.253618011569,20.748568423035028,458125.84880036215,1
810,12468.749999999998,0.5493164062499999,79999.99999999999,1
811,4905.632563999793,6112.517142782405,17857.142857142855,1
812,804.3385102166645,266.48975837119565,0.0,0
813,77877.7897357943,10096.505284309387,-328125.0,1
814,1740.605400982655,584.1586083022195,24835.64645726807,1
815,4021.5253829956055,1820.7728862762451,171875.0,1
816,251.24504534892768,30.92857764931813,-13580.805794477139,0
817,938.1535398104778,154.21538893811783,0.0,0
818,4554.464797342986,1311.9327135322505,-28925.61983471074,1
819,251.9012630768306,350.0317167296783,12675.418741511996,0
820,742.8140471555286,1185.7913014295816,-14568.158168574399,1
821,2226.1595923050977,4657.201530519595,-70247.9338842975,1
822,269.65367950541304,1907.8580649960036,6337.709370755998,1
823,2741.14310741419,4260.353744029999,0.0,1
824,6790.712845226831,9919.592171661123,28925.61983471074,1
825,1719.0832204547255,1407.742446339902,-16296.966953372566,1
826,2010.4367576701734,3271.390694609234,-116545.26534859519,1
827,940.8384730551048,1547.4402386210309,136105.8601134215,1
828,349.10970013626553,642.0265298709976,-54820.415879017,0
829,2091.771978245376,293.9619209218099,141519.25078043703,1
830,8244.072782519976,3126.1408036057114,-173913.0434782608,1
831,2439.9772270908616,1985.9845878926571,60353.798126951086,1
832,520.51880932766,813.597734830346,0.0,0
833,4011.128935786753,4254.649402063041,143667.29678638937,1
834,1582.3253111586237,868.0123320231795,-97814.77627471382,1
835,490.35006273162605,602.0970342384588,37573.562698053414,0
836,1786.602430107062,3920.310784962668,-6198.347107438015,1
837,180.175971786447,1532.6270699873176,-29136.316337148797,1
838,672.4850199998328,694.8827671864133,-2716.161158895428,0
839,3420.6169695892413,3962.989681023211,12396.69421487603,1
840,4936.996285302581,3410.6608856233515,-41623.309053069715,1
841,2991.558470408723,1599.8156484083224,37120.86917157085,1
842,12208.90614846714,5742.705837314655,52930.05671077503,1
843,8848.50985301763,2048.325712301232,-8324.661810613943,1
844,5094.494523911413,288.01914144280306,-465368.94522408326,1
845,23380.862779853753,1958.38203114888,-144628.0991735537,1
846,10073.500046744985,313.4323580580124,-35379.812695109256,1
847,5711.563683678604,229.0890625884167,-8148.483476686283,1
848,32934.17802605161,364.30719444116244,-60491.49338374289,1
849,13296.542132930257,927.5549532347488,-18730.48907388137,1
850,7169.437710652824,721.485488497871,-6337.709370755998,1
851,27702.42612223979,3797.2395085106205,-4132.231404958677,1
852,12716.597002329114,3025.5987542476905,-10405.827263267429,1
853,9986.087679862976,1167.8226292133331,76171.875,1
854,7324.535760853099,3808.6080154883894,1385.0415512465374,1
855,6498.084728229057,2037.131699513446,-106139.43808532777,1
856,5594.34682347896,1185.910386672005,260145.6815816857,1
857,2531.543002564491,184.30218472044885,184210.52631578947,1
858,3005.7132244110107,2397.783100605011,-498046.875,1
859,2857.093136218782,83.5382975599148,123829.3444328824,1
860,895.9940874811675,2222.27710977447,485756.0262965667,1
861,445.76823711395264,497.1027374267578,-767578.125,0
862,465.4248224708961,226.8573868163046,801248.699271592,0
863,388.07411933539646,708.5588830329705,-91412.74238227146,0
864,541.2027317330136,169.99418355919937,158168.5744016649,0
865,545.1962351797902,35.87454557418823,1544921.875,0
866,202.2151793764837,1299.8114196465253,-1277574.8721694665,1
867,1656.4875841140747,2568.718045949936,295898.4375,1
868,1339.1929412111406,3786.7916238171497,1560874.0894901142,1
869,903.3752610478705,4178.7181864815075,-47091.41274238227,1
870,6306.476573170036,5215.99316075975,29136.316337148797,1
871,5414.3693270966105,5053.620432715876,14568.158168574399,1
872,4356.125385147053,2912.5768392039404,-29085.872576177288,1
873,5140.354184280696,4778.533522717975,-27055.150884495313,1
874,3231.655918720733,1715.6610875919228,27055.150884495313,1
875,406.06448524876646,847.805900256759,29085.872576177288,0
876,3658.607602119446,1653.5259783267975,-13671.875,1
877,2726.019979391584,2599.6308420997,14568.158168574399,1
878,2351.1109920089593,3152.474802286671,-38781.16343490305,1
879,4218.634407924687,3945.1154536189288,14568.158168574399,1
880,5686.756971599407,148.02295633204932,56191.46722164411,1
881,78.67152671074273,3392.25388629945,-22853.185595567866,1
882,4529.804146376658,130.63651093831294,34339.229968782514,1
883,962.1307253837585,975.6535291671753,-39062.5,0
884,272.6296424169101,1211.61918556538,20452.885317750177,1
885,178.34999806923125,3569.3419711523416,0.0,1
886,219.5313572883606,4102.2710502147675,-13671.875,1
887,963.4827418080029,3677.7833502512967,-10226.442658875088,1
888,574.551522731781,5705.449730157908,27343.75,1
889,1600.1880975221122,5759.08140883125,-29136.316337148797,1
890,1318.8444016052415,3535.2257810470737,19390.581717451525,1
891,371.1887006334104,5406.946346985561,0.0,1
892,2042.4649119376027,5575.530230998993,-13671.875,1
893,917.1435047536977,3388.797043883251,29218.407596785964,1
894,1003.6901182240177,3707.4808523632605,-27055.150884495313,1
895,59.42730864217457,2115.9304075004634,0.0,1
896,1079.1015624999998,6085.647583007812,19199.999999999996,1
897,44.528425944687775,186.94879892464908,1040.4280618311534,0
898,1720.5625772476196,4871.618002653122,-25390.625,1
899,1147.473617934124,571.9668317039258,-9695.290858725763,1
900,4416.232638888888,3067.270914713541,302222.22222222213,1
901,735.510152286843,1589.5498158656344,-70759.62539021851,1
902,948.7196803092957,458.51804316043854,13671.875,0
903,176.7071330316179,34.811754305937285,18005.540166204988,0
904,120.43487517072059,1073.4939178245095,-14568.158168574399,1
905,597.5697464799036,1758.4126896216947,-12486.992715920913,1
906,1382.008814085302,1039.1615764587007,27700.831024930747,1
907,3745.2308742113146,4236.636127071003,-14568.158168574399,1
908,5416.512861460229,5508.228345666541,-41623.309053069715,1
909,3720.2808665436723,4255.930142389401,-19390.581717451525,1
910,7305.760537424512,6927.099237829102,-187304.8907388137,1
911,5713.477730750927,4860.386252403204,-138671.875,1
912,3672.59715072336,3423.756839826088,-196675.9002770083,1
913,766.8295710441596,588.1917836392496,-118626.43080124867,0
914,1583.3176881788174,1813.5789281743275,-8324.661810613943,1
915,926.8076466061071,364.9587446302588,12465.373961218836,0
916,3290.0473825889367,3096.6628726638287,126951.09261186262,1
917,2296.3806986808777,2763.4017169475555,238281.25,1
918,1783.7672352460613,4650.291643644556,113573.40720221607,1
919,2483.8799864642947,4634.291522832864,64516.12903225805,1
920,1254.2057732017427,7221.507728409999,68678.45993756503,1
921,653.1240994082129,5820.0186930754635,18991.964937910878,1
922,1276.8805027008057,6726.616993546486,39062.5,1
923,147.2290547159534,7034.008014214522,-41623.309053069715,1
924,1566.0600318803022,6244.796795197841,18005.540166204988,1
925,2233.602501971416,7468.66914905935,-41623.309053069715,1
926,4230.216145515442,7816.515862941742,0.0,1
927,3211.451238572292,6200.2902313076775,0.0,1
928,5235.746502876282,8028.075098991394,-87890.625,1
929,6064.733531050825,7913.154816404157,93652.44536940685,1
930,5176.972154104808,6568.345997142,-171745.15235457063,1
931,8784.918333563788,9948.440694660101,-1198751.3007284077,1
932,10964.019489585922,10389.472889974633,-32258.064516129027,1
933,6192.648509863011,7030.904458170122,-2077.562326869806,1
934,9184.647797297735,9976.663897114413,-16649.323621227886,1
935,8489.745712677222,10840.984586622413,22892.81997918834,1
936,4663.229649086738,7015.489805438182,4155.124653739612,1
937,7355.577863838123,9261.795186847601,10405.827263267429,1
938,5204.739605350871,9250.541631438604,-245577.5234131113,1
939,4532.409837041205,6259.379294440357,-565096.9529085873,1
940,4245.6270628739585,9200.525829620836,-14568.158168574399,1
941,4790.322961717936,7555.780003892022,-14568.158168574399,1
942,2578.1964331122317,4883.116302067553,-1385.0415512465374,1
943,3212.9992307410894,6922.246514200295,-4162.3309053069715,1
944,1261.6813182831922,3988.4448051452637,0.0,1
945,1091.2041915089674,1804.2672704131319,-2770.083102493075,1
946,145.28399575649183,2040.1088305740275,-2081.1654526534858,1
947,1696.0914127538783,2017.8398902408783,-2081.1654526534858,1
948,1734.260707020508,591.5818782394283,2770.083102493075,1
949,434.74052500662185,1262.7203680350055,2081.1654526534858,1
950,267.1478938360549,3359.0374330328104,-2081.1654526534858,1
951,361.2867022485284,1813.4209587963664,1385.0415512465374,1
952,2422.332763671875,4516.169428825378,5859.375,1
953,4087.243690451027,4340.061660115602,0.0,1
954,2545.2273043899327,4079.8900530278847,-2077.562326869806,1
955,5292.227563451157,6153.432189115748,-13527.575442247657,1
956,3499.5726597161934,3840.923309326171,-9259.259259259257,1
957,2921.1683597337005,415.36063202156504,-7346.189164370981,1
958,9.275928547200975,17.800597600222485,0.0,0
959,23557.53580729166,31416.829427083325,124444.44444444442,1
960,2078.413963317982,5079.153925180435,1953.125,1
961,1385.551547377191,3176.508723078546,730.4601899196491,1
962,2248.808741569519,4927.944391965866,-976.5625,1
963,975.4669157695876,6264.598262917858,2081.1654526534858,1
964,1547.9111605404614,4980.557513038868,2770.083102493075,1
965,2662.6666304225296,4497.551893220477,0.0,1
966,2064.332365989796,8096.862584352382,0.0,1
967,2125.195990173027,4684.888506736782,0.0,1
968,572.1300840378918,7238.555699586868,5859.375,1
969,72.40382739322196,6713.490084232325,4162.3309053069715,1
970,566.8682404831709,4637.94803355209,6925.207756232687,1
971,1566.129718189179,5794.330640588416,4162.3309053069715,1
972,92.17197763560092,4345.658666509495,10405.827263267429,1
973,141.70385133526662,3804.050984475091,13850.415512465373,1
974,2029.3891429901123,6057.657301425934,1693359.375,1
975,1661.2391318044351,4268.431886798013,18730.48907388137,1
976,860.7901364482341,1800.4235138193062,37396.12188365651,1
977,70.18090286810613,4975.262343201254,20811.654526534858,1
978,752.221781307025,3185.5897774433365,8324.661810613943,1
979,604.3811914332229,2244.4764662976945,0.0,1
980,645.667314529308,2449.359744787327,29296.875,1
981,505.4771590060365,242.87435192223265,39542.143600416224,0
982,633.440519634046,1448.8188513758441,-26315.78947368421,1
983,501.666431248374,1934.5993057870216,-20811.654526534858,1
984,188.23407319036158,2056.483051407107,-18730.48907388137,1
985,814.929233033241,2785.296981684798,19390.581717451525,1
986,1277.705261039932,4873.861259277851,-29136.316337148797,1
987,2876.146775006503,6539.2683745671,-58272.632674297594,1
988,3341.785157534031,3585.7778093988845,-47337.27810650888,1
989,6789.208450873231,6480.142551703953,-1737773.1529656604,1
990,4246.420964490114,5662.086478877389,-12486.992715920913,1
991,1255.5214836986315,4052.9441305144674,-8310.249307479224,1
992,1126.0700523544365,4840.934189747821,-6243.496357960456,1
993,2291.5970150316607,3523.91095116781,2081.1654526534858,1
994,1102.4967624166538,687.0983144433634,-2498.958767180341,1
995,8465.945720672607,14057.233929634094,0.0,1
996,3483.243340880267,9179.745454817978,10405.827263267429,1
997,183.82438174819663,1448.8918229208273,-1460.9203798392982,1
998,11999.905109405518,25123.804807663408,0.0,1
999,3285.3766720690273,2415.1714985347157,4382.761139517895,1
1000,6825.425889756438,9144.337972005207,-8888.888888888887,1
1001,2705.8273553849376,1883.4695219993591,7812.5,1
1002,1615.431008552289,656.6360267218391,8324.661810613943,1
1003,678.5088959162915,996.0084740805164,2770.083102493075,0
1004,2841.4532743805275,484.7960219050793,5202.913631633714,1
1005,1005.8283805847168,354.6662628650665,18554.6875,1
1006,1346.930872357705,1112.3924729073453,-11687.363038714386,1
1007,7866.3229942326225,6357.058882713318,-23437.5,1
1008,615.7049176486815,765.2880218353893,-905.3870529651426,0
1009,6510.206490508779,3965.945283243478,12396.69421487603,1
1010,1689.8195899860168,3821.445429362317,-8324.661810613943,1
1011,3517.4936056137085,3024.693578481674,1953.125,1
1012,2669.953707798803,3056.090795880603,-4382.761139517895,1
1013,3984.197974205017,4270.5237865448,-1953.125,1
1014,3588.6734755056577,5755.627936800857,0.0,1
1015,4067.249245260561,4962.448268055586,1385.0415512465374,1
1016,3840.578458311654,5365.802395728326,2081.1654526534858,1
1017,5247.518420219421,6415.732204914093,-1953.125,1
1018,2169.1109857217853,3776.1323202953786,1460.9203798392982,1
1019,7046.75013515381,6864.906969973496,4162.3309053069715,1
1020,5159.154534339905,6822.1986293792725,7812.5,1
1021,4312.140476625273,5339.517307769127,2921.8407596785964,1
1022,5922.168493270874,7257.610559463501,13671.875,1
1023,6723.949738025168,8877.149853820481,4162.3309053069715,1
1024,5259.025129915274,5444.067006626287,5540.16620498615,1
1025,8088.349055549231,9980.474624871958,10405.827263267429,1
1026,7054.570066072937,8118.695944826758,10405.827263267429,1
1027,3966.8096399703513,5778.236072149303,1385.0415512465374,1
1028,10385.622467136282,9345.571654892363,18730.48907388137,1
1029,7456.363674009006,11748.771389614902,6243.496357960456,1
1030,5436.52479007964,6992.229134092119,54016.62049861496,1
1031,14681.701977716893,8729.067354867044,697190.4266389176,1
1032,9950.921637210586,7025.850675108529,-49947.97086368365,1
1033,10625.17351060693,5425.085981796983,139889.19667590028,1
1034,16351.41670703888,7032.416760921534,-21484.375,1
1035,8548.208915727748,2974.6853575414216,60090.7029478458,1
1036,4859.41396008273,4808.043136077673,-515873.0158730158,1
1037,2139.324188232416,901.5083312988336,76799.99999999999,1
1038,35551.60015821463,925.1944720745643,-685546.875,1
1039,24879.566712632506,1252.2408667016998,18730.48907388137,1
1040,10184.89827079456,39.98299384707585,22160.6648199446,1
1041,14933.487875280409,2508.530631646027,79084.28720083245,1
1042,8111.213422094496,517.5444635714749,1057232.0499479708,1
1043,5050.881087284709,862.9827948488751,-48476.45429362881,1
1044,5327.119539481171,3087.2253672016673,64516.12903225805,1
1045,3042.2706881869467,3931.1824802553488,-133194.5889698231,1
1046,1191.5909616571118,1291.8192263785493,124653.73961218836,1
1047,369.442117077751,2110.547751467384,-54110.30176899063,1
1048,661.0818757723665,1204.487684490033,-20811.654526534858,1
1049,1556.7874644271556,316.6542158892153,29085.872576177288,1
1050,686.1294717620583,155.16807087762217,-14568.158168574399,0
1051,633.4540995299934,1217.467975914168,-43704.4745057232,1
1052,731.2912029572801,964.5451469104376,-15235.457063711912,0
1053,221.53824598800662,2726.0398269319876,-20811.654526534858,1
1054,1645.2817093197189,3588.0383542127333,-20811.654526534858,1
1055,1690.724549861496,3030.861513766595,66481.99445983379,1
1056,2711.3327994927154,5682.033256983225,-85327.78355879291,1
1057,3688.0699578482104,5342.878486561849,-894901.1446409988,1
1058,2483.7536164597727,2912.933476413716,-15235.457063711912,1
1059,648.0887532234748,3450.438380241394,-11718.75,1
1060,2075.8542508414084,2429.9939142677117,-4162.3309053069715,1
1061,1811.5771609209085,15.04701624128426,0.0,1
1062,4369.877278804724,2371.8550801275496,7812.5,1
1063,3261.586009649778,3125.392187398439,24973.985431841826,1
1064,1427.631959360471,2955.254425302437,580332.4099722991,1
1065,1290.2886016559305,3915.1655151494206,-39542.143600416224,1
1066,1566.0603841143304,10271.453857421873,142222.2222222222,1
1067,551.3347086814365,1544.754260794938,85872.57617728531,1
1068,111.2653115041298,1000.7923773249927,-79084.28720083245,1
1069,239.87737332124735,520.1047962836933,-22892.81997918834,0
1070,1390.594524690028,476.4276858511267,5540.16620498615,1
1071,801.0070356195752,1270.2227383076709,-8324.661810613943,1
1072,1043.2302951812744,272.9706466198523,33203.125,1
1073,1338.1255813721234,201.63001763376545,36523.00949598246,1
1074,1191.2096799598398,1170.7865608842512,-64516.12903225805,1
1075,2566.203474998474,2904.7206044197083,-927734.375,1
1076,2890.6154144933566,3285.4741990261473,-36523.00949598246,1
1077,3493.689000606537,5290.824919939041,-33203.125,1
1078,2196.205986870659,7433.001200358071,-19999.999999999996,1
1079,741.7261435384172,4966.192958757818,-6925.207756232687,1
1080,2920.813858509119,7173.260673880577,-15625.0,1
1081,1276.3953233732764,7304.748312863855,-8324.661810613943,1
1082,1031.0271258246207,5175.525729372303,-5843.681519357193,1
1083,745.2751421656093,7015.639115570734,8324.661810613943,1
1084,2146.512269973755,6057.824939489365,1046875.0,1
1085,2320.640012240914,3932.3287083338078,14609.203798392982,1
1086,1189.3734335899353,4852.730780839865,19531.25,1
1087,1297.0764604740561,5599.745354468873,4162.3309053069715,1
1088,854.8655764215853,2562.1306904917474,-2921.8407596785964,1
1089,204.48118448257446,2802.9642999172765,13671.875,1
1090,714.1145037314645,2437.139028813107,-6243.496357960456,1
1091,62.82098405579121,1335.091207826567,-5540.16620498615,1
1092,50.77000835311524,1619.2615838502372,-6243.496357960456,1
1093,346.9362854958136,1668.5575246810913,13671.875,1
1094,132.6923913725388,1903.0086832206725,-10226.442658875088,1
1095,1070.7351097083115,2649.5871012962566,-8324.661810613943,1
1096,131.19224206968062,3365.497807434213,-6243.496357960456,1
1097,917.9313427193737,2682.902476133772,4155.124653739612,1
1098,1385.8743562409982,4738.282710778973,-1587929.2403746096,1
1099,581.4805626869202,1792.4979329109192,-23437.5,1
1100,186.88951468620294,1347.1886221730745,-2921.8407596785964,1
1101,223.52300002851254,2407.5761173815335,-10405.827263267429,1
1102,1383.5728168487549,1656.1243683099747,-1953.125,1
1103,1074.5520135448587,2253.604161643563,-7304.601899196491,1
1104,43.39161440818687,212.99695004747824,-297.26516052318664,0
1105,2534.848470221567,5110.57294990468,-8324.661810613943,1
1106,406.2394569864191,708.6762776608024,-2081.1654526534858,0
1107,90.21345210024616,1128.5710381803192,-3944.7731755424065,1
1108,1455.936173866681,2928.1572546348607,-2081.1654526534858,1
1109,2171.3606152649786,5171.24688091933,-10405.827263267429,1
1110,2245.1236967894383,2363.8706788461955,-4155.124653739612,1
1111,2857.966427996612,4304.217002146202,-4162.3309053069715,1
1112,3929.019098351326,3917.070879028193,-12486.992715920913,1
1113,1984.5143579710223,1702.8039842431235,-2770.083102493075,1
1114,1737.413991874512,1429.4099361169597,-6243.496357960456,1
1115,624.5076656341553,281.4643085002899,5859.375,0
1116,2383.3932638828774,2561.526945753402,2770.083102493075,1
1117,3057.0372582473715,4193.021157033544,14568.158168574399,1
1118,5442.235273823712,4501.03513656124,12486.992715920913,1
1119,3719.329833984375,2852.285337580208,4155.124653739612,1
1120,2096.4956928614397,3821.5049719834697,7284.079084287199,1
1121,4480.86011174064,4141.099991337004,10405.827263267429,1
1122,200.31549678199337,2787.907918294271,3287.310979618672,1
1123,1041.837090880327,6825.9363243905445,20811.654526534858,1
1124,621.5852703685347,7363.040539029921,1656607.7003121746,1
1125,704.1724952490722,5381.962432749909,30679.327976625264,1
1126,1488.0891893211378,6987.326599184486,8324.661810613943,1
1127,2385.340631008148,7279.375568032265,21484.375,1
1128,1178.8312748198364,4818.683846175254,-9695.290858725763,1
1129,2482.530353716831,8385.059860816918,-39542.143600416224,1
1130,2405.5218969497914,8662.528475663166,-43704.4745057232,1
1131,1216.1328852011557,6129.979426840996,-37396.12188365651,1
1132,78.00083378723333,9491.599933413881,-1100936.524453694,1
1133,223.18214178079776,8732.853457331714,-3906.25,1
1134,314.14826130505423,6926.998419862665,-1460.9203798392982,1
1135,306.9266676902771,9485.129266977256,9765.625,1
1136,515.2024538038175,7371.078792893551,4162.3309053069715,1
1137,85.85710604765409,4459.55017597065,6925.207756232687,1
1138,201.21436461443744,6798.993288292165,6243.496357960456,1
1139,36.519474343132146,5558.601403211579,24973.985431841826,1
1140,837.6483441719655,3432.3557592164775,23545.706371191136,1
1141,1023.7361340319327,3848.894577740878,27055.150884495313,1
1142,225.86500979605162,3380.115520941727,994797.0863683661,1
1143,938.9333117371058,1836.2061138628592,33240.997229916895,1
1144,173.5071982106263,3363.9794705933755,14568.158168574399,1
1145,1252.3680925368708,1600.7758677005768,-33203.125,1
1146,68.43605905314095,1394.1060547588336,35062.08911614316,1
1147,300.1345059874154,1441.2291464274679,-6243.496357960456,1
1148,678.468321166162,711.3556956153258,0.0,0
1149,263.0133377878683,729.0457094144954,9695.290858725763,0
1150,57.96551704406738,559.1847002506256,-13671.875,0
1151,1486.5013860886502,2625.174626599489,0.0,1
1152,871.0137364607172,1885.8183123728575,-48476.45429362881,1
1153,1445.2581971294549,2994.0411650055275,-936524.4536940685,1
1154,2396.153857879162,4858.142007277981,-47866.80541103017,1
1155,1679.1536537233812,4447.979279832497,-4155.124653739612,1
1156,3020.8353445507605,6646.087837020762,6243.496357960456,1
1157,1104.9919644452834,5418.021274530983,0.0,1
1158,244.62670830800644,2104.7143064376987,0.0,1
1159,4650.39780187055,2650.1229848871612,2081.1654526534858,1
1160,5788.356065750178,2185.6650710105896,-5859.375,1
1161,2957.5746367672564,1652.705747772952,-1460.9203798392982,1
1162,3474.8762845992487,3121.141344308853,7812.5,1
1163,1673.2667412892433,3775.776238892998,6243.496357960456,1
1164,2312.8099908264467,2579.2257728326285,18991.964937910878,1
1165,2892.7393187841435,2511.8650184337007,957336.1082206034,1
1166,3055.8928847312927,1210.290938615799,-13671.875,1
1167,927.0076598451919,466.4575034810992,65741.41709276842,0
1168,5186.55925834092,2322.400397738358,22892.81997918834,1
1169,1830.5703997612557,2643.540501594599,-109375.0,1
1170,2228.184456891435,2881.043840273097,4382.761139517895,1
1171,4197.58260250086,3934.8006248474676,-25390.625,1
1172,3906.2341219677355,4378.407108175831,-47866.80541103017,1
1173,1758.5120372825052,3171.4162007594564,5540.16620498615,1
1174,4199.620464217833,4732.685704384961,81165.45265348593,1
1175,1643.9320765721961,4380.014758948604,-35379.812695109256,1
1176,3301.1760391224198,2716.2163165296984,-27757.48721694667,1
1177,1824.3864178656977,4371.21838331217,-13671.875,1
1178,1968.0821064484198,1864.3687840679058,-24973.985431841826,1
1179,2068.892080037508,2982.2003478158545,-599722.9916897507,1
1180,2404.489824848908,3841.809005816694,-8324.661810613943,1
1181,3616.1027763438146,3865.923767407463,-18730.48907388137,1
1182,666.3568132141227,2332.8036152424907,-1385.0415512465374,1
1183,1525.4025652803068,3453.620886827364,-12486.992715920913,1
1184,1271.1952677874608,2768.7021150301193,-6243.496357960456,1
1185,500.0846207637206,2025.5804722328926,-5540.16620498615,1
1186,1335.739469180866,976.9753288404596,0.0,1
1187,675.7676601409912,653.5928696393967,-1953.125,0
1188,981.9849988158552,1416.8437681901703,0.0,1
1189,482.57309737984514,1585.7688594186961,-4162.3309053069715,1
1190,218.4137701987665,947.0712393522263,0.0,0
1191,680.1529989528166,677.1157308596602,0.0,0
1192,502.4299025536694,486.56947910785675,0.0,0
1193,916.5594158509423,494.0251281929408,-2081.1654526534858,0
1194,1006.3245355917807,293.8294344662032,1385.0415512465374,1
1195,995.2747610927743,1248.3110537017915,-2081.1654526534858,1
1196,4631.741113890966,1802.17651621236,0.0,1
1197,4071.5553093484896,941.0467174244326,-6925.207756232687,1
1198,5142.77558420997,5899.899707996693,8324.661810613943,1
1199,8268.286856850773,5507.722233386242,16649.323621227886,1
1200,4136.727457231432,2517.1057999629393,9695.290858725763,1
1201,4552.271562113846,1592.49717561561,-2081.1654526534858,1
1202,1125.633406465433,309.353688505075,4162.3309053069715,1
1203,654.4953237940794,1068.1086299821877,-8310.249307479224,1
1204,4411.750976054403,2161.7246343987786,-4162.3309053069715,1
1205,2348.360980586569,4451.078877364742,-8324.661810613943,1
1206,2508.0577818640318,2342.0761826955977,-5540.16620498615,1
1207,2155.0459370529334,2903.9829504229397,0.0,1
1208,2784.7290039062495,1370.2245706325418,4162.3309053069715,1
1209,464.86999849867595,1317.6159845495222,-2770.083102493075,1
1210,1073.4740702840463,1047.3249358019395,0.0,1
1211,2139.286989972078,817.8476736523232,-4162.3309053069715,1
1212,2205.999274002957,1080.293734648221,-2770.083102493075,1
1213,4144.206131410033,2959.685072566359,-10405.827263267429,1
1214,6915.121247195303,4050.5356644741173,-4162.3309053069715,1
1215,4450.251190946452,3456.9439135099715,-4155.124653739612,1
1216,8248.320231204414,5629.993006044262,-14568.158168574399,1
1217,11437.274515628815,4717.83801913267,-9765.625,1
1218,6808.078228077632,4172.307718749285,-7304.601899196491,1
1219,12492.359490846122,5464.4942903866,-6243.496357960456,1
1220,17781.490837994275,6199.934976282029,0.0,1
1221,11917.838099260449,4543.122162118843,-8310.249307479224,1
1222,14885.575912745451,6963.450008078742,6243.496357960456,1
1223,16712.303836437466,2597.0705093875413,778355.8792924036,1
1224,11758.487310435963,3394.82959948088,20775.623268698062,1
1225,20743.906497955322,8491.203188896236,-126953.125,1
1226,13109.737082649093,6450.609411582986,-520291.3631633714,1
1227,9414.746820761557,3858.537224851487,324099.72299168975,1
1228,15193.41126440963,9606.070622693238,1442247.6586888656,1
1229,13191.151693385913,6248.164499463449,-12486.992715920913,1
1230,8715.077450400826,4832.83045549472,-837257.6177285318,1
1231,12812.857573287914,5701.503694119488,-908428.7200832465,1
1232,9385.028565215269,5150.019936457384,934443.288241415,1
1233,6387.022120007397,3379.543387208069,-616699.5397764628,1
1234,10513.480322418052,4905.359305898684,-10405.827263267429,1
1235,10009.035235513136,3475.7409706076023,953173.7773152965,1
1236,6236.871523870325,4979.289469626472,18005.540166204988,1
1237,8194.255531144314,1642.9000044712536,16649.323621227886,1
1238,11072.14888970636,3537.6652966676957,-1050988.5535900102,1
1239,4791.988890587128,3444.005908067867,-15235.457063711912,1
1240,7996.18661403656,3548.0596125125885,-9765.625,1
1241,5557.946434378251,3574.045838228001,-12486.992715920913,1
1242,2865.732108005386,3167.940283274458,-7304.601899196491,1
1243,4058.1077337265015,4349.425435066223,-7812.5,1
1244,2371.781078263202,4185.965356419907,-8324.661810613943,1
1245,481.43381557313967,2357.332330001028,1385.0415512465374,1
1246,964.5904636285001,4001.6809437699167,-4162.3309053069715,1
1247,298.47025871265754,4437.100142240524,1953.125,1
1248,2524.889325294549,2698.6823628817788,1460.9203798392982,1
1249,525.5628698946409,5288.81378650169,12486.992715920913,1
1250,90.98052978515625,4259.383678436279,0.0,1
1251,17274.739790935902,22977.809516751033,30612.24489795918,1
1252,1402.3478147762744,6011.423037526014,2081.1654526534858,1
1253,78.63616943359374,1119.7528839111326,1799.9999999999995,1
1254,13296.847873263887,33258.31095377603,17777.777777777774,1
1255,560.2836608886719,5989.763885736465,3906.25,1
1256,1054.219591980747,3729.355302213632,11080.3324099723,1
1257,1323.8309449386586,7426.929771590177,29136.316337148797,1
1258,2556.601374504097,4090.875790344818,1850156.0874089487,1
1259,1010.9476105328082,2191.89229104005,0.0,1
1260,400.68214567345206,1713.5770958493383,39542.143600416224,1
1261,582.3373794555664,4257.168620824814,9765.625,1
1262,1072.44771603402,947.2284290599031,40166.20498614958,1
1263,53.90591973692767,2060.7701201344626,-20811.654526534858,1
1264,551.4440625812954,1118.746309945288,10405.827263267429,1
1265,521.8526993431873,1076.0537144880216,38088.64265927978,1
1266,454.5880654103797,13.337547151404785,82206.03537981269,0
1267,84.15357131243495,75.14278796895687,-118626.43080124867,0
1268,170.54530839086127,736.4547699395209,26298.487836949374,0
1269,781.4373607814125,418.167828769267,0.0,0
1270,495.63277896559566,1479.3959666241217,-31217.481789802285,1
1271,485.39645123679884,368.8421275808007,29085.872576177288,0
1272,703.4762220749868,321.05381357298256,-54110.30176899063,0
1273,470.9511995315552,408.3104431629181,29296.875,0
1274,377.62437796757746,312.97793781957625,54054.05405405404,0
1275,205.4214477538352,1274.0492820740455,-55625.0,1
1276,1220.9412954848463,1206.5716762323216,-65556.7117585848,1
1277,24.264539047621625,640.0250992286238,-3462.6038781163434,0
1278,3517.499590844659,6451.051981495358,-1232686.9806094184,1
1279,5753.64318276047,6989.172420442165,-18730.48907388137,1
1280,2996.8992108236857,8344.838820188523,-16649.323621227886,1
1281,965.984904534929,3922.3356590376666,-5540.16620498615,1
1282,1537.9462108155565,4337.322699539866,-2081.1654526534858,1
1283,2183.7057853961896,3914.867802043244,-2081.1654526534858,1
1284,1266.6168635570975,906.1755235836573,1385.0415512465374,1
1285,3528.972073970798,1755.495101182443,-2081.1654526534858,1
1286,3086.610093449206,3066.2663645353514,0.0,1
1287,3056.882821291768,2022.1329792053618,-1385.0415512465374,1
1288,3248.8835837912975,2355.6847229956584,0.0,1
1289,3999.248147010803,1519.5272862912336,7812.5,1
1290,1138.8518683744144,3100.324743868166,12486.992715920913,1
1291,2694.539416199576,856.840709570042,1385.0415512465374,1
1292,1785.167174086238,443.3543575417858,8324.661810613943,1
1293,407.6759570853532,545.2586673303324,2077.562326869806,0
1294,631.2311750048776,546.7798905863846,3121.748178980228,0
1295,744.6003257918182,288.7221702551866,6243.496357960456,0
1296,351.30146514860814,843.4212294627177,-2081.1654526534858,0
1297,864.8056072541551,159.733843605274,2770.083102493075,0
1298,770.7990791249348,384.4071625422736,0.0,0
1299,85.38365364074707,563.1521344185986,7812.5,0
1300,760.6545358439096,523.301787059358,0.0,0
1301,364.9294376373291,185.40769815444946,-3906.25,0
1302,1981.8959945694585,2064.8190183768534,12486.992715920913,1
1303,882.7167204542503,98.90738616689751,-5540.16620498615,0
1304,2169.5743366285114,1542.8684008358362,1848074.9219562951,1
1305,343.7593997951352,2043.2050468769137,10405.827263267429,1
1306,846.7359886275104,1141.3183238698632,6925.207756232687,1
1307,750.2370272666375,1745.2537703339246,0.0,1
1308,1499.6801529167649,386.84841001195036,18730.48907388137,1
1309,280.5017698504588,1002.4279438557718,-52631.57894736842,1
1310,1835.500536550468,1861.302339075507,-1816857.440166493,1
1311,1350.0452041625977,2757.1991086006165,-11718.75,1
1312,483.84516669329787,3065.0772083579786,-10226.442658875088,1
1313,2431.4969778060913,3351.1966466904796,-7812.5,1
1314,72.37025669642856,2715.426075215242,-6530.612244897959,1
1315,859.6476513782595,11525.186551671448,-18140.589569160995,1
1316,78.18284053927424,189.81677767648216,-120.18508503094766,0
1317,21033.053927951383,29741.16007487029,-17777.777777777774,1
1318,2031.7753926538694,85.94956754647464,-4155.124653739612,1
1319,397.9034900169094,3237.808656245935,-6243.496357960456,1
1320,937.6771988407256,3142.778632792294,2081.1654526534858,1
1321,2161.0409021377563,3363.9930188654744,-7812.5,1
1322,1782.4583980094953,1716.3629859272273,0.0,1
1323,1006.4244270324707,3440.1006996631622,1953.125,1
1324,3105.9019027216555,3157.0688618829663,-4162.3309053069715,1
1325,1076.1544724145965,7809.52863456789,-12396.69421487603,1
1326,314.7427449673212,874.3669502116696,-905.3870529651426,0
1327,522.942994561211,2867.870350658087,-2081.1654526534858,1
1328,1302.3333197953896,4413.979716021531,-11342.155009451792,1
1329,556.8809004497523,1510.2577570030048,2835.538752362948,1
1330,856.6992339929109,430.6122366024973,-8324.661810613943,0
1331,3468.273718099973,4260.274097464259,9451.795841209827,1
1332,253.6108829468419,38.906803709611246,452.6935264825713,0
1333,464.98817658212914,1734.0597575462568,-4162.3309053069715,1
1334,1392.0492377160613,1600.3994902303393,4132.231404958677,1
1335,303.79427024388866,717.8072154440994,905.3870529651426,0
1336,264.5280185028616,837.4669673415549,2081.1654526534858,0
